Job Title,Company Name,Salary,Location,Description,Posted Days Ago,Skill1,Skill2,Skill3,Skill4,Skill5,Skill6,Skill7,Skill8
Teacher/Senior Teacher Physics,Neev Academy,Not disclosed,Bengaluru,"Maintain good disciplinary order and child safety standards in the classrooms, on schoo...",1 Day Ago,igcse,chemistry,electronics,project management,mathematics,administration,customer service,teaching
Asst Prof/Lecturer Medical Physics,Narayana Health (NH),2.25-4.5 Lacs PA,Bangalore/Bengaluru,Translates professional experience in to the academic context as appropriate,7 Days Ago,curriculum development,staff development,Education,Medical Physics,supervision,lecturer,teaching,lecturer activities
"Faculty - Mathematics, Physics & Chemistry",K12 Techno Services,7-7.5 Lacs PA,"Bangalore/Bengaluru, Delhi / NCR, Mumbai (All Areas)",Conduct IIT JEE foundation classes up to grade 10 Eligibility & Skills : . BTech from a...,11 Days Ago,Teaching,Science,Mathematics,Educator,Physics,Communication Skills,Presentation Skills,Lecturer Activities
Physics Teacher,NIYA Academy,3-4.75 Lacs PA,Bengaluru(Uttarahalli +3),Willing to work in rotational shifts and week end classes Preferred candidate profile ...,10 Days Ago,Physics,TGT,Tutoring,Education,PGT,Teaching,Teaching Biology,
Senior Lecturer Physics,RV Educational Institutions,Not disclosed,"Mysuru, Bengaluru",Role: Senior Lecturer - Physics . Industry Type: Education . Department: Physics. Emplo...,6 Days Ago,JEE Advanced,JEE Main,NEET UG & KCET Coaching,Coaching,UG,Main,JEE,JEE Technologies
"Science Teacher : Physics , Chemistry , Biology , Maths",Dev Solutions,Not disclosed,Bengaluru,Candidates could be from IITs/ NITs with 5 - 15 years experience You are an MSc graduat...,30+ Days Ago,Webmethods,Chemistry,Biology,Teaching,Mathematics,Physics,Science teaching,Science
PHYSICS FACULTY,Avanti,Not disclosed,"Kolkata, Mumbai, New Delhi, Hyderabad, Pune, Chennai, Bengaluru",Avanti is looking for PHYSICS FACULTY to join our dynamic team and embark on a rewar...,30+ Days Ago,mathematics,pedagogy,tutoring,academics,teaching,training,mentoring,counselling
Assistant Professor - Physics,Sambhram Institute Of Technology,Not disclosed,"Bengaluru, Bangalore",Required Assistant Professor for Physics,30+ Days Ago,Professor,Tutor,Teachers,Education,Trainer,Lecturer,Physics,Teaching
Physics - Assistant Professor,Dayananda Sagar Institutions (DSI),Not disclosed,Bengaluru,Bachelors or Masters level) in the First Class Degree at Masters Level in the Professio...,30+ Days Ago,Counselor,Mentor,Trainer,Advisor,Educator,Teaching,Advisory,Assistance
Physics- Assistant Professor,CMR Jnanadhara Trust,Not disclosed,Bengaluru,"The applicant should have a good academic record, relevant experience and an impressive...",30+ Days Ago,Counselor,Mentor,Trainer,Advisor,Educator,Teaching,Mentoring,Counselling
Senior Teacher/Teacher Physics,Neev Academy,Not disclosed,Bengaluru,BEd and Masters in Science . Minimum 5 years in teaching . Education - . Maintain good ...,1 Day Ago,igcse,bed,tgt,chemistry,biology,mathematics,tutoring,teaching
Teacher/Senior Teacher Physics,Neev Academy,Not disclosed,Bengaluru,Responsibilities applicable to DP Teachers only . Maintain good disciplinary order and ...,1 Day Ago,Supervisor,Usage,Strategic planning,Support services,Monitoring,ICSE,Teaching,Supervision
Physics Teacher,Drona Training Academy,Not disclosed,Bengaluru,. Must have a Post Graduation level education in the relevant subjectsHelping and suppo...,30+ Days Ago,Mathematics,Research,ICSE,Teaching,Physics,Teaching Biology,,
IITJEE/NEET Physics & Biology Faculty,Gate India Institute Of Tutorials,Not disclosed,Bengaluru,Gate India Institute Of Tutorials is looking for IITJEE / NEET Physics & Biology Facult...,30+ Days Ago,bed,tgt,chemistry,biology,mathematics,professor activities,tutoring,teaching
"Tutor -Physics, Maths, Economics,English,Biology",Aspire High Classes,Not disclosed,"Kolkata, Mumbai, New Delhi, Hyderabad, Pune, Chennai, Bengaluru",The candidate should have good spoken english skills and should have Masters or higher ...,19 Days Ago,Analytical skills,Economics,Tutor,Biology,WiFi,Teaching,Analytical,Tutoring
Physics Teacher,Sarala Birla Academy,Not disclosed,Bengaluru,Bachelor s or Master s degree in Physics or a related field . Proven experience as a Ph...,30+ Days Ago,Interpersonal skills,Teaching,Interpersonal,Physics,Teaching Biology,Interpersonal Skill,,
Physics Teacher,TriGem Solutions,Not disclosed,Bengaluru,Requirements . Bachelors degree in Physics and Education,30+ Days Ago,ICSE,Monitoring,Teaching,Physics,Teaching Biology,,,
Professor - Physics,Sambhram Institute Of Technology,Not disclosed,"Bengaluru, Bangalore",Required Professor for Physics,30+ Days Ago,Professor,Tutor,Teachers,Education,Trainer,Lecturer,Physics,Teaching
Physics - Professor,Dayananda Sagar Institutions (DSI),Not disclosed,Bengaluru,"Job Description: To oversee the design and development of the overall curriculum, and d...",30+ Days Ago,Counselor,Mentor,Trainer,Advisor,Educator,Teaching,Training,Counselling
Physics- Professor,CMR Jnanadhara Trust,Not disclosed,Bengaluru,"Qualifications are the same as that for Associate Professors. In addition, a minimum of...",30+ Days Ago,Counselor,Mentor,Trainer,Advisor,Educator,Teaching,Training,Counselling
Physics Faculty,Aditya P.U. College,Not disclosed,Bengaluru,Key responsibilities of the job include: ? providing support to children in reading and...,30+ Days Ago,Counselor,Mentor,Trainer,Advisor,Educator,Teaching,Advisory,Mentoring
Physics Faculty,Prayoga Institute Of Education Research,Not disclosed,Bengaluru,Prayoga is dedicated to advancing the effectiveness and purpose of science education th...,15 Days Ago,Physics teacher,Physics,physics teaching,JEE,,,,
PGT Physics,Harvest International School,Not disclosed,"Hubli, Mangaluru, Mysuru, Bengaluru, Belgaum","Experience: Minimum 2-4 years, handling relevant subject at Higher secondary school lev...",30+ Days Ago,Procurement,Data analysis,Interpersonal skills,Curriculum development,Manager Technology,Budgeting,Management,Resource management
SME - Physics ( Graduation ),Qasolvers,Not disclosed,"Mumbai, Delhi / NCR, Bengaluru",Prior experience in Academic Content Writing or Teaching (Preferred). Subject Knowledge...,21 Days Ago,Subject Matter Expert,Academic Content Writing,Online Teaching,Physics,content management,Academic Writing,Content,Writing
SME - Physics (Graduation),Qasolvers,Not disclosed,"Chennai, Delhi / NCR, Bengaluru",Prior experience in Academic Content Writing or Teaching (Preferred),21 Days Ago,Teaching,Physics Teacher,Academic Content Writing,Online Teaching,Academic Writing,Content,Writing,Online Tutoring
Physics Lecturer,RV Educational Institutions,Not disclosed,Bengaluru,"Maintain student attendance . records, grades, and other required records. Role: Lectur...",28 Days Ago,Lecturer Activities,Physics,Education,Teaching,,,,
Lecturer - Physics,Sambhram Institute Of Technology,Not disclosed,"Bengaluru, Bangalore",Required Lecturer for Physics,30+ Days Ago,Professor,Tutor,Teachers,Education,Trainer,Lecturer,Physics,Teaching
"Physics Faculty,Chemistry,Math",SIKCHAK HUB,10-20 Lacs PA,"Bangalore Rural, Vijayawada, Chennai","Subject - Physics, Chemistry, Math Location - Chennai Process - Online Interview Salary...",27 Days Ago,Chemistry,Mathematics,Physics,,,,,
Junior Lecturer For +1 +2 Maths Physics Chem Biology,Corporate and Non Corporate Jr Colleges and PU Colleges and Schools,2.25-3.5 Lacs PA,"Vijayawada, Visakhapatnam, Hyderabad, Pune, Davangere, Chennai, Coimbatore, Bengaluru, Mumbai (All Areas)","Wanted Junior Lecturer for corporate Institute, MSc graduate with passion towards teach...",15 Days Ago,Teaching,Education,Maths,JL,Zoology,doubts solving,Biology,Physics
Senior Secondary Teacher-Physics,CENTRE FOR TEACHER ACCREDITATION (CENTA) PRIVATE LIMITED,Not disclosed,Bengaluru,The ideal candidate should have a strong understanding of the subject matter they are t...,30+ Days Ago,bed,tgt,team management,mathematics,channel sales,distributor sales,tutoring,teaching
"Online part-time tutor in Physics, Maths, Economics,English,Biology",Aspire High Classes,Not disclosed,"Kolkata, Mumbai, New Delhi, Hyderabad, Pune, Chennai, Bengaluru",The candidate should have good spoken english skills and should have Masters or higher ...,18 Days Ago,economics,biology,igcsecoaching,online tutoring,mathematicsphysics,English,Mathematics,Physics
"Physics Faculty (IIT Advance , JEE Mains , Neet)",A2Z Faculty,"70,000-1.5 Lacs PA","Hyderabad, Kurnool, Bengaluru","Wanted best physics IIT ADVANANCED for Coimbatore, Bangalore, Kurnool, Near Hyderabad I...",19 Days Ago,Physics faculty,Neet,education,teacher,Jee mains,IIT advance,lecturer,Physics
Physics Faculty,Leading Client,Not disclosed,Bengaluru,Subject Expertise: Deliver in-depth Physics lessons aligned with the JEE/NEET curriculu...,22 Days Ago,Teaching,Content Delivery,Training,Content Creation,curriculum development,physics Teacher,performance analysis,Analysis
Physics IIT Faculty - (IIT JEE Mains / Advanced / NEET),A2Z Faculty,18-33 Lacs PA,"Bangalore/Bengaluru, Kolkata, Visakhapatnam, Hyderabad, Mysore/Mysuru, Pune, Davangere, Karnataka, Chennai, Mumbai (All Areas)","Wanted best physics IIT ADVANCED for Bangalore, Karnataka, Tamilnadu and Maharashtra lo...",19 Days Ago,Physics Board,physics PU,physics NEET,NEET,Competitive exams,KCET,Coaching,IIT-JEE Foundation
"Physics Neet & Mains Faculty , Physics Lecturer",A2Z Faculty,9-18 Lacs PA,"Hubli, Kakinada, Bengaluru","Wanted best physics JEE MAINS/ NEET for Karnataka, Bangalore, Chennai, Kakinada, Vizag ...",22 Days Ago,Physics faculty,neet,mains,IIt,physics,nit,advance,Lecturer activities
Physics Faculty (IIT JEE MAINS / Advanced / NEET / Foundation),A2Z Faculty,3-8 Lacs PA,"Warangal, Chennai, Bengaluru","Wanted best physics IIT ADVANANCED/JEE MAINS/ NEET/FOUNDATION for Karnataka, Tamilnadu ...",30 Days Ago,Physics faculty,IIT,Teaching,Faculty,NEET,education,JEE,Physics
"Faculty - Physics, Chemistry, Biology (NEET Level)",Base Educational Services,Not disclosed,Bengaluru,"Requirement for Full time Physics, Chemistry, Biology Faculty, who have experience in...",30+ Days Ago,Training,Chemistry,Biology Faculty,,,,,
A Level Economics Teacher,Iqra Education,Not disclosed,"Kolkata, Mumbai, New Delhi, Hyderabad, Pune, Chennai, Bengaluru",Facilitating teaching and learning Economics in preparation for the A- Level exams. ...,12 Days Ago,bed,tgt,chemistry,biology,mathematics,tutoring,teaching,business studies
"PGT Physics,Chemistry,Math,Biology",Leading Client,Not disclosed,"Hyderabad, Chennai, Bengaluru",Subject Expertise & Curriculum Delivery:Teach advanced-level (Grades 11-12)Physics/Chem...,22 Days Ago,Physics,Chemistry,Content Development,Biology,Classroom Management,Math,Lesson Planning,Management
Academy - Teacher,Neev Academy,Not disclosed,Bengaluru,"Maintain good disciplinary order and child safety standards in the classrooms, on schoo...",1 Day Ago,tgt,bed,chemistry,teaching english,biology,mathematics,tutoring,teaching
Teacher,Neev Academy,Not disclosed,Bengaluru,"Maintain good disciplinary order and child safety standards in the classrooms, on schoo...",1 Day Ago,tgt,bed,chemistry,teaching english,biology,mathematics,tutoring,teaching
Activity Teachers,Sakalya Wisdom Foundation,Not disclosed,Bengaluru,The ideal candidate should have a strong understanding of the subject matter they are t...,1 Day Ago,bed,teaching english,mathematics,professor activities,training and placement,tutoring,teaching,training
Physics - Associate Professor,Dayananda Sagar Institutions (DSI),Not disclosed,Bengaluru,Job Description: To develop the quality assurance framework within the College?s overal...,30+ Days Ago,Counselor,Mentor,Trainer,Advisor,Educator,Teaching,Mentoring,Counselling
Physics- Associate Professor,CMR Jnanadhara Trust,Not disclosed,Bengaluru,"Qualifications are the same as that for Assistant Professors. In addition, the applican...",30+ Days Ago,Counselor,Mentor,Trainer,Advisor,Educator,Teaching,Mentoring,Physics
Educational Specialist- Science(Physics/Chemistry/Biology),Educational Initiatives (EI),Not disclosed,Bengaluru,. Mastersdegree in Physics / Biology/Chemistry . A minimumof 3 years of relevant experi...,30+ Days Ago,Training,Data analysis,Chemistry,Excel,Curriculum development,Manager Technology,Biology,Research
"Physics Teacher For ICSE School in Yelahanka, Bangalore",Vishwa Vidyapeeth,Not disclosed,Bangalore/Bengaluru(Yelahanka),Classroom arrangement should be appropriate to lesson plan goalsMust have a good comman...,6 Days Ago,Bed,Education,Physics,Teaching,ICSE,,,
Sr . Assistant Professor / Lecturer,Gate India Institute Of Tutorials,Not disclosed,Bengaluru,Gate India Institute Of Tutorials is looking for Sr . Assistant Professor / Lecturer to...,30+ Days Ago,tgt,bed,teaching english,biology,mathematics,tutoring,teaching,training
Hiring For Physics Teacher @Vibgyor School Haralur,VIBGYOR Group of Schools,Not disclosed,Bengaluru(HSR Layout +1),Roles and Responsibilities . - Candidates must have Gradute / Post Graduation ( Physics...,11 Days Ago,Middle school,Secondary,communication skills,Teaching,Physics,Hiring,,
"Physics Teacher For CBSE School in Yelahanka, Bangalore",Vishwa Vidyapeeth,Not disclosed,Bangalore/Bengaluru(Yelahanka),Classroom arrangement should be appropriate to lesson plan goalsMust have a good comman...,8 Days Ago,Bed,Education,Physics,Teaching,,,,
IBDP Physics Teacher with Extended Essay,Teacher Pool,Not disclosed,Bengaluru,Bachelors degree in Physics or related field . Teaching certification or licensure in r...,30+ Days Ago,Interpersonal skills,School administration,Shaping,Research,Teaching,Ibdp,Interpersonal,Interpersonal Skill
Secondary teacher - Physics,The International School Bangalore (TISB),Not disclosed,Bengaluru,Qualifications: Bachelors / Masters / M.Phil. / Ph.D in relevant.A degree in Education ...,30+ Days Ago,Counselor,Mentor,Trainer,Advisor,Educator,Teaching,Education,Counselling
Physics- Secondary Teacher,The International School Bangalore (TISB),Not disclosed,Bengaluru,"Planning, Teaching and Class Management Teach allocated students by planning their teac...",30+ Days Ago,Counselor,Mentor,Trainer,Advisor,Educator,Teaching,Mentoring,Physics
IBDP and IGCSE Physics Teacher,Teacher Pool,Not disclosed,Bengaluru,Bachelors degree in Physics or related field Masters degree preferred . Teaching certif...,28 Days Ago,Time management,Shaping,Manager Technology,Teaching,Time,Technology management,Time Managements,Ibdp
IBDP Physics Teacher,N K Consultants,8-14 Lacs PA,Bengaluru,2+ Years of Diploma Program experience in Physics,21 Days Ago,Critical Thinking,Communication Skills,Subject Matter Expertise,Problem Solving,Problem Analysis,Subject,Physics,Critical care
Science Teacher,Aavishkar Academy,Not disclosed,Bengaluru,Aavishkar Academy is looking for Science Teacher to join our dynamic team and embark on...,30+ Days Ago,tgt,bed,chemistry,biology,mathematics,professor activities,botany,tutoring
Middle School teacher- EVS,CENTRE FOR TEACHER ACCREDITATION (CENTA) PRIVATE LIMITED,Not disclosed,Bengaluru,The ideal candidate should have a strong understanding of the subject matter they are t...,30+ Days Ago,tgt,chemistry,teaching english,biology,mathematics,presentation skills,tutoring,teaching
Middle School Teacher - Kannada,CENTRE FOR TEACHER ACCREDITATION (CENTA) PRIVATE LIMITED,Not disclosed,Bengaluru,The ideal candidate should have a strong understanding of the subject matter they are t...,30+ Days Ago,tgt,chemistry,teaching english,biology,mathematics,presentation skills,tutoring,teaching
JRF Position in Chemistry/Physics//Material Science,Reva University,Not disclosed,Bengaluru,M Sc in Chemistry / Physics/Material scienceCandidate should have obtained at least 60%...,30+ Days Ago,Professor,MOB,Chemistry,Material science,Junior Research Fellow,microsoft,Positioning,Physics
IBDP / IBMYP Physics Facilitator,Sharanya Narayani International School,Not disclosed,Bengaluru,"IBDP/IBMYP Physics Facilitator Qualification: M.Sc. (Physics), preferably wit...",30+ Days Ago,igcse,bed,soft skills,mathematics,myp,training management,presentation skills,teaching
PGT Teacher,Shishya Beml Public School,Not disclosed,Bengaluru,"Business Studies, Accountancy, Computer Science, Physics, Chemistry, Mathematics- Post ...",8 Days Ago,tgt,bed,teaching english,biology,mathematics,tutoring,teaching,social science
Teacher (Science),Gyantu,Not disclosed,"Kolkata, Mumbai, New Delhi, Hyderabad, Pune, Chennai, Bengaluru",The job role involves delivering quality video sessions online between grades 6th t...,30+ Days Ago,tgt,bed,biology,mathematics,professor activities,botany,tutoring,teaching
Offline Teacher,Prayatna Learning Center,Not disclosed,Bengaluru,The ideal candidate should have a strong understanding of the subject matter they are t...,30+ Days Ago,tgt,bed,teaching english,biology,mathematics,tutoring,teaching,social science
TGT&PGT Teachers,Mdn Edify Education,1.75-4 Lacs PA,Bengaluru(Varthur +4),We are seeking a candidate who has exceptional English communication skills and relevan...,14 Days Ago,Science,Mathematics,Social Studies,Science Teaching,English Literature,TGT,EVS,Teaching English
Mathematics Teacher,NPS Bannerghatta Road,Not disclosed,Bengaluru,Institution / College : National Public School . Specilization/ Subject: Mathematics,5 Days Ago,tgt,igcse,bed,mathematics,professor activities,tutoring,teaching,training
Middle School Teacher- Social Studies,CENTRE FOR TEACHER ACCREDITATION (CENTA) PRIVATE LIMITED,Not disclosed,Bengaluru,The ideal candidate should have a strong understanding of the subject matter they are t...,30+ Days Ago,tgt,teaching english,biology,mathematics,presentation skills,tutoring,teaching,history
Urgently Looking For Online Maths Teachers _International experience,SLR Bpo Services (opc),3-5 Lacs PA,Remote,"What are we looking forWe are searching for innovative, energetic private tutors to joi...",27 Days Ago,Mathematics,online tutoring,INTERNATIONAL EXPRIENCE,Bed,problem - solving,biology,international board,verbal communication
Physics Lab In - charge,Greenwood High School,Not disclosed,Bengaluru,GREENWOOD HIGH is looking for Physics Lab In - charge to join our dynamic team and emba...,25 Days Ago,Lab Incharge,HR,ICSE,Teaching,Charging,Lab,Hrsd,Physics
Senior Engineer - Building Physics,WSP,Not disclosed,Bengaluru,Required skills / tools (specific softwares) : . - Good knowledge and experience of gre...,25 Days Ago,rhino,simulation,solar,ansys,sketchup,fluid dynamics,autocad,building
Physics - Instructor,Dayananda Sagar Institutions (DSI),Not disclosed,Bengaluru,"Job Duties: ? Provides glassware by ordering, receiving, and inventorying glassware. ? ...",30+ Days Ago,Counselor,Instructor,Mentor,Trainer,Advisor,teaching,Educator,Training
Flight Physics Engineer,Akkodis,Not disclosed,Bengaluru,"Weight Management / Control, Drawing Analysis for Mass Properties, Modification analysi...",30+ Days Ago,Pilot,Technical Author,C,Production engineering,Manual,Management,Delphi,Python
Senior Seconary Teacher- Biology,CENTRE FOR TEACHER ACCREDITATION (CENTA) PRIVATE LIMITED,Not disclosed,Bengaluru,The ideal candidate should have a strong understanding of the subject matter they are t...,30+ Days Ago,igcse,chemistry,biology,mathematics,botany,tutoring,teaching,school administration
Math Teacher,Iqra Education,Not disclosed,"Kolkata, Mumbai, New Delhi, Hyderabad, Pune, Chennai, Bengaluru",IQRA education is looking for Math Teacher to join our dynamic team and embark on a rew...,19 Days Ago,tgt,igcse,bed,mathematics,tutoring,teaching,calculus,teaching mathematics
Teacher/Senior Teacher Arts,Neev Academy,Not disclosed,Bengaluru,Responsibilities applicable to DP Teachers only: . Maintain good disciplinary order and...,1 Day Ago,tgt,bed,chemistry,teaching english,biology,mathematics,tutoring,teaching
Teacher/Senior Teacher English,Neev Academy,Not disclosed,Bengaluru,Responsibilities applicable to DP Teachers only: . Maintain good disciplinary order and...,1 Day Ago,tgt,bed,chemistry,teaching english,biology,mathematics,tutoring,teaching
Senior Teacher/Teacher,Neev Academy,Not disclosed,Bengaluru,"Maintain good disciplinary order and child safety standards in the classrooms, on schoo...",1 Day Ago,tgt,bed,chemistry,teaching english,biology,mathematics,tutoring,teaching
Senior Teacher/Teacher Spanish,Neev Academy,Not disclosed,Bengaluru,"Maintain good disciplinary order and child safety standards in the classrooms, on schoo...",1 Day Ago,tgt,bed,chemistry,teaching english,biology,mathematics,tutoring,teaching
Teacher/Senior Teacher History,Neev Academy,Not disclosed,Bengaluru,Responsibilities applicable to DP Teachers only: . Maintain good disciplinary order and...,1 Day Ago,tgt,bed,chemistry,teaching english,biology,mathematics,tutoring,teaching
TEACHER/SENIOR TEACHER Chemistry,Neev Academy,Not disclosed,Bengaluru,Experience . 3 + years of experience in teaching the subject . Day to day Responsibilit...,1 Day Ago,chemistry,igcse,bed,tgt,biology,mathematics,tutoring,teaching
Associate professor,New Horizon Vidya Mandir,Not disclosed,Bengaluru,Teaching and Instruction: Associate Professors are responsible for teaching undergradua...,30+ Days Ago,professor activities,administration,tutoring,academics,teaching,training,mentoring,research
Urgent Vacancy For Mathematics Teacher @GJS North Bangalore,Gnana Jyothi School,Not disclosed,Bangalore/Bengaluru(Kumarapuram +3),"Candidate must have excellent communication skills and good interpersonal skills, good ...",12 Days Ago,Maths Teacher,innovative,mathematics,PGT Teacher,maths,physics,TGT Maths Teacher,training
Subject Matter Expert (JEE/NEET),Vedantu Innovations,5-9 Lacs PA,"Hyderabad, Chennai, Bengaluru","With this definitive shift in consumer behavior from offline to. online, Vedantu is inv...",5 Days Ago,Teaching,Chemistry,Biology,Mathematics,Physics,Subject,Subject matter expertise,JEE
Facility Manager / Assistant Tutor,Rhythms Institute of Fine Arts India,Not disclosed,Bengaluru,Rhythms Institute of Fine Arts India is looking for Facility Manager / Assistant Tutor ...,30+ Days Ago,bed,chemistry,fine arts,biology,mathematics,professor activities,tutoring,teaching
Teachers,Calcutta International School,Not disclosed,"Kolkata, Mumbai, New Delhi, Hyderabad, Pune, Chennai, Bengaluru",The ideal candidate should have a strong understanding of the subject matter they are t...,19 Days Ago,tgt,bed,teaching english,biology,mathematics,tutoring,teaching,social science
EEE Teacher,Dawn Tutorials,Not disclosed,Bengaluru,The ideal candidate should have a strong understanding of the subject matter they are t...,30+ Days Ago,tgt,bed,teaching english,biology,mathematics,tutoring,teaching,social science
Middle School - Grades 6 To 8 Teacher,National Academy For Learning,Not disclosed,Bengaluru,National Academy For Learning - India is looking for Middle School - Grades 6 to 8 Teac...,30+ Days Ago,com,biology,mathematics,academics,tutoring,teaching,training,computer
"Mathematics 1,2 Teacher",Dawn Tutorials,Not disclosed,Bengaluru,The ideal candidate should have a strong understanding of the subject matter they are t...,30+ Days Ago,tgt,bed,chemistry,teaching english,biology,mathematics,tutoring,teaching
Primary/Pre- Primary Teachers,Mdn Edify Education,1.75-4 Lacs PA,Bengaluru(Electronic City +3),"Qualification: BA / MA, English, Math, Science +BEd MustWe are thrilled to inform you t...",14 Days Ago,Pre Primary,Child Development,Early Childhood Education,primary teacher,primary,EVS,Science,Mathematics
Assistant Teacher,Sakalya Wisdom Foundation,Not disclosed,Bengaluru,The ideal candidate should have a strong understanding of the subject matter they are t...,1 Day Ago,site execution,bed,css,mathematics,teaching,bootstrap,autocad,building construction
Senior Teacher/Teacher Biology,Neev Academy,Not disclosed,Bengaluru,"Maintain good disciplinary order and child safety standards in the classrooms, on schoo...",1 Day Ago,igcse,biology,mathematics,administration,botany,tutoring,teaching,school administration
Online Tutors For JEE Main and advanced exams,Leading Client,Not disclosed,"Hyderabad, Chennai, Bengaluru",Teachers with 7 + years experience in online coaching of students preparing for JEE mai...,12 Days Ago,Chemistry,Teachers,online coaching,JEE main,Mathematics,Physics,Teaching,Main
Online Tutors For JEE Main and advanced exams,Global Jobs Consultants,Not disclosed,"Hyderabad, Chennai, Bengaluru",Teachers with 7 + years experience in online coaching of students preparing for JEE mai...,13 Days Ago,Chemistry,Mathematics,Physics,Main,JEE,Online Tutoring,,
React Developer,Physicswallah,Not disclosed,Bengaluru,Excellent verbal communication skills. Good problem-solving skills.,30+ Days Ago,Front end,MySQL,Architectural design,Javascript,Programming,Manager Technology,Database,HTML
"Hiring!!! Teachers : K12 CBSE School @ Whitefield, B'lore",Vhire4u,Not disclosed,Bengaluru(Whitefield),Theater teacher(part time) FEMALES are preferredSend resume to kusuma@vhire4u or 938017...,1 Day Ago,Teacher,Primary Kannada,primary social,social science teacher,PGT Chemistry,theatre teacher,biology lab,Social teacher
Teaching Assistant,Dronavyas Ixpoe,Not disclosed,Bengaluru,Extremely good communication skills and presentation skills . .,30+ Days Ago,Associate Coordinator,Chemistry,French,coordinator,Intern,German,Biology,Photoshop
Lab assistant,Redbricks School,Not disclosed,"Mumbai, Hyderabad, New Delhi, Pune, Chennai, Ahmedabad, Bengaluru","Operate laboratory equipment, such as centrifuges and microscopes, and maintain equipme...",30+ Days Ago,School,Chemistry,Science,Biology,Physics,Assistance,Lab,
"Faculty - AP, IB, IGCSE, CBSE",Learntek,Not disclosed,"Mumbai, Delhi / NCR, Bengaluru","We have Urgent Requirement for experienced Mathematics, Physics, Chemistry, Biology, Co...",19 Days Ago,teaching,Economics,Faculty,Chemistry,Computer Science,Mathematics,Biology,Statistics
Hiring TGT&PGT Teachers,Mdn Edify Education,1.75-4 Lacs PA,Bengaluru(Electronic City +3),We are seeking a candidate who has exceptional English communication skills and relevan...,14 Days Ago,TGT,Teaching English,Cambridge,IB,PGT,Bed,Economics,Science
Secondary Teacher,Delhi World Public School (DWPS),Not disclosed,Bengaluru,Integrate technology and innovative teaching methods to enhance the learning experience. .,30+ Days Ago,bed,tgt,teaching english,english literature,mathematics,tutoring,teaching,history
Teachers(Math),Gyantu,Not disclosed,"Kolkata, Mumbai, New Delhi, Hyderabad, Pune, Chennai, Bengaluru",He / She should must be detail-oriented . Critical thinking skills and ability to utili...,30+ Days Ago,tgt,igcse,bed,mathematics,professor activities,tutoring,teaching,calculus
Teacher,Purnapramati,Not disclosed,Bengaluru,"Purnapramati, a new school of thought, first of its kind, Integrating modern and clas...",30+ Days Ago,bed,bdc,art,mathematics,yoga,teaching,history,social science
Middle School Teacher- Maths,CENTRE FOR TEACHER ACCREDITATION (CENTA) PRIVATE LIMITED,Not disclosed,Bengaluru,CENTRE FOR TEACHER ACCREDITATION (CENTA) PRIVATE LIMITED is looking for Middle School T...,30+ Days Ago,tgt,bed,classroom management,student engagement,mathematics,tutoring,teaching,teaching mathematics
"s required Professor, Associate Professor, Assistant Professor",M. S. Ramaiah School Of Advanced Studies,Not disclosed,"Kolkata, Mumbai, New Delhi, Hyderabad, Pune, Chennai, Bengaluru","Qualifications Experience . (As per UGC / AICTE/any . For Professor: PhD, Master s and ...",15 Days Ago,Biotechnology,Associate Professor,Genetics,Assistant Professor,Research,Molecular biology,Bioinformatics,Advertising
High School Teacher,Alfa Public School,Not disclosed,Bengaluru,Requirements . (BA/ B.SC/ MA/ MSC) with BED Min 2 years experience in CBSE school High ...,30+ Days Ago,tgt,bed,teaching english,biology,mathematics,tutoring,teaching,history
CSE / IT Teacher,Dawn Tutorials,Not disclosed,Bengaluru,The ideal candidate should have a strong understanding of the subject matter they are t...,30+ Days Ago,tgt,bed,teaching english,biology,mathematics,tutoring,teaching,social science
BSC(Pure science)/BSC/MSC Chemistry Fresher and Experienced both M/F,Soma Jana,1-3.25 Lacs PA,"Domjur, Howrah, Bengaluru",We are looking for BSC(Pure science)/BSC/MSC Chemistry Fresher and Experienced both M/F...,13 Days Ago,Msc Chemistry,QC Dept,Food Technology,Chemistry,bsc,Sles,FG,Microbiology
Reading Specialist,Neev Academy,Not disclosed,Bengaluru,". You must be open-minded, flexible to trying out new approaches to inculcating a love ...",1 Day Ago,tgt,bed,chemistry,teaching english,biology,mathematics,tutoring,teaching
Senior Teacher/Teacher History,Neev Academy,Not disclosed,Bengaluru,"Maintain good disciplinary order and child safety standards in the classrooms, on schoo...",1 Day Ago,igcse,bed,tgt,mathematics,administration,tutoring,teaching,history
"Hiring educators For English, Commerce, Physics & Maths subjects",Vidyashilp Academy,Not disclosed,Bengaluru,Role & responsibilities : Planning and preparing courses and lessons. Maintaining up to...,28 Days Ago,Geography,English,IGCSE,Social Science,ICSE,,,
LECTURER - Physiotherapy / Lab Technology,Aihs,Not disclosed,Bengaluru,Candidate should have done MPT or MLT from reputed institutions and must have atleast 1...,30+ Days Ago,bed,c++,biology,sports,mathematics,professor activities,administration,yoga
OCFP Faculty,ORCHIDS THE INTERNATIONAL SCHOOL,Not disclosed,"Mumbai, Hyderabad, Pune, Chennai, Bengaluru",Must have the drive and motivation to bring change and work towards grooming the smarte...,30+ Days Ago,chemistry,mathematics,professor activities,presentation skills,tutoring,teaching,training,mentoring
Teaching assistant For Primary.,Trio World Academy,Not disclosed,Bengaluru,Trio world academy is looking for Teaching assistant for Primary. to join our dynamic t...,30+ Days Ago,com,teaching english,classroom management,biology,mathematics,cadet activities,tutoring,academics
Field Application Specialist - Cellular Science / Flow Cytometry,Prayoga Lifesciences Inc,Not disclosed,Bengaluru,Prayoga Lifesciences Inc is looking for Field Application Specialist - Cellular Science...,30+ Days Ago,tgt,bed,chemistry,biology,data validation,mathematics,tutoring,teaching
IBMYP Biology Facilitator,Sharanya Narayani International School,Not disclosed,Bengaluru,Experience: Should have a minimum of 2 years of experience in teaching IB MYP curriculu...,30+ Days Ago,igcse,bed,tgt,chemistry,teaching english,myp,mathematics,pyp
Sales Executive,Meraki Business Solutions,2.75-4.25 Lacs PA,"Kochi(Kakkanad), Mumbai(Andheri East), Bengaluru(JP Nagar)",DESIGNATION : Academic Counselor. QUALIFICATION : Graduates in Sales / Counselling/ Bus...,15 Days Ago,Communication Skills,Sales,Lead Generation,Inside Sales,Counselling,Target,Generation,Sales executive activities
Dance Teacher,Aavishkar Academy,Not disclosed,Bengaluru,Aavishkar Academy is looking for Dance Teacher to join our dynamic team and embark on a...,30+ Days Ago,dancing,art,management skills,team management,mathematics,presentation skills,convincing power,teaching
Primary Teacher- Kannada,CENTRE FOR TEACHER ACCREDITATION (CENTA) PRIVATE LIMITED,Not disclosed,Bengaluru,The ideal candidate should have a strong understanding of the subject matter they are t...,30+ Days Ago,bed,tgt,mathematics,tutoring,teaching,kannada,training,counselling
Associate / Assistant Professor,The Oxford Educational Institutions,Not disclosed,Bengaluru,Oxford School Of Business is looking for Associate / Assistant Professor to join our dy...,30+ Days Ago,matlab,management skills,mathematics,professor activities,presentation skills,tutoring,convincing power,teaching
project manager (relocation To San Francisco Bay Area).,Chatthechat,"250,000-550,000 PA","Hybrid - Hyderabad, Bengaluru, Delhi / NCR","The role requires adaptability, flexibility, problem-solving skills, and detail orient...",27 Days Ago,Software Engineering,Computer Science,Tensorflow,Artificial Intelligence,Natural Language Processing,Science,Mathematics,Machine Learning
Biology - Botany / Zoology NEET Faculty,A2Z Faculty,12-22 Lacs PA,"Bangalore/Bengaluru, Kolhapur, Maharashtra, Chitradurga, Karnataka, Vijayawada, Andhra Pradesh, Visakhapatnam, Andhra Pradesh, Hyderabad, Pune, Chennai, Coimbatore, Tamil Nadu",Vacancies available across India Preferred MSc Botany / Zoology Profiles or similar PG ...,19 Days Ago,NEET,medical,biology,Coaching,botany,teaching,Mathematics,Physics
Botany / Zoology NEET Faculty,A2Z Faculty,12-22 Lacs PA,"Bangalore/Bengaluru, Mulbagal, Karnataka, Hyderabad, Pune, Davangere, Karnataka, Namakkal, Tamil Nadu, Chennai, Coimbatore, Mumbai (All Areas)",1. Should have minimum 3+ yrs experience of teaching in coaching or same field 2. An En...,19 Days Ago,NEET,Botany Lecturer,Biology,Botany,Biology Faculty,Coaching,Zoology,Mathematics
Asia Pacific Regional IBM Z Client Skills Leader,IBM,Not disclosed,Bengaluru,"As the Regional IBM Z Client Skills Leader, you are an innovative thinker who is passio...",4 Days Ago,mechanics,sales,scrum,agile,zos,mainframes,mechanical engineering,mathematics
sales manager (relocation To San Francisco Bay Area).,Chatthechat,"250,000-550,000 PA","Hybrid - Hyderabad, Bengaluru, Delhi / NCR","The role requires adaptability, flexibility, problem-solving skills, and detail orient...",27 Days Ago,Software Engineering,Computer Science,Tensorflow,Artificial Intelligence,Natural Language Processing,Science,Mathematics,Machine Learning
"Freelancer, Teacher, Professor, SME,",Digifocal It,Not disclosed,"Kolkata, Mumbai, New Delhi, Hyderabad, Pune, Chennai, Bengaluru",Possess the flexibility to work in different shift timings as needed . Masters degree h...,30+ Days Ago,Electrical engineering,Economics,Operations management,Chemistry,Accounting,Biology,Mechanical engineering,Statistics
Subject Matter Expert ( Video Solution),Digituala Lab Enterprise Llp,1.5-4 Lacs PA,Remote,Application form: https://forms.gle/tvFp7nypKGyQ34JR8 . You must fill this form so that...,22 Days Ago,Chemistry,Subject Matter Expertise,Video,Biology,Physics,Teaching,Subject,
Data Associate,Good Business Lab,Not disclosed,Bengaluru,"Bachelor s or Master s degree in economics, engineering, mathematics, physics, statisti...",30+ Days Ago,Training And Development,Data Analysis,Machine Learning,Physics,Machine,Training,Data,Development
Assistant Mechanics,The Nilgiri Dairy Farm,Not disclosed,Bengaluru,"Routine Maintenance: Perform routine maintenance tasks, such as oil changes, tire rotat...",30+ Days Ago,repair,utility maintenance,mechanical engineering,preventive maintenance,equipment,maintenance operations,mechanics,teaching
Maths Lecturer,Vishwa Venkateshwara International School,Not disclosed,Bengaluru,Vishwa Venkateshwara International School is looking for Maths Lecturer to join our dyn...,30+ Days Ago,bed,tgt,mathematics,professor activities,tutoring,teaching,training,mentoring
ECE Faculty,Dawn Tutorials,Not disclosed,Bengaluru,The ideal candidate should have a strong understanding of the subject matter they are t...,30+ Days Ago,mathematics,professor activities,presentation skills,tutoring,teaching,mentoring,training,counselling
Assistant Professor,New Horizon Pre-university College,Not disclosed,Bengaluru,New Horizon Pre-University College (NHPUC) is looking for Assistant Professor to join o...,19 Days Ago,matlab,management skills,mathematics,professor activities,presentation skills,tutoring,convincing power,teaching
Assistant Professor,New Horizon Educational Institution,Not disclosed,Bengaluru,New Horizon Educational Institution is looking for Assistant Professor to join our dyna...,19 Days Ago,matlab,c,management skills,mathematics,professor activities,presentation skills,tutoring,convincing power
Assistant Professor,New Horizon Educational Institution,Not disclosed,Bengaluru,New Horizon Educational Institution is looking for Assistant Professor to join our dyna...,19 Days Ago,matlab,c,mathematics,professor activities,tutoring,research analysis,teaching,training
Pharma?Chemistry - Assistant Professor,T John Group of Institutions,Not disclosed,Bengaluru,Bachelors or Masters level) in the First Class Degree at Masters Level in the Professio...,30+ Days Ago,Counselor,Mentor,Trainer,Advisor,Educator,Teaching,Pharmaceutical,Assistance
Mathematics - Assistant Professor,T John Group of Institutions,Not disclosed,Bengaluru,Bachelors or Masters level) in the First Class Degree at Masters Level in the Professio...,30+ Days Ago,Counselor,Mentor,Trainer,Advisor,Educator,Teaching,Training,Counselling
Mathematics - Assistant Professor,Dayananda Sagar Institutions (DSI),Not disclosed,Bengaluru,Bachelors or Masters level) in the First Class Degree at Masters Level in the Professio...,30+ Days Ago,Counselor,Mentor,Trainer,Advisor,Educator,Teaching,Education,Mentoring
Chemistry - Assistant Professor,Dayananda Sagar Institutions (DSI),Not disclosed,Bengaluru,Bachelors or Masters level) in the First Class Degree at Masters Level in the Professio...,30+ Days Ago,Counselor,Mentor,Trainer,Advisor,Educator,Teaching,Mentoring,Assistance
Assistant Professor - Mathematics,Sambhram Institute Of Technology,Not disclosed,"Bengaluru, Bangalore",Required Assistant Professor for Mathematics,30+ Days Ago,Professor,Tutor,Teachers,Education,Trainer,Mathematics,Lecturer,Teaching
Assistant Professor - Chemistry,Sambhram Institute Of Technology,Not disclosed,"Bengaluru, Bangalore",Required Assistant Professor for Chemistry,30+ Days Ago,Professor,Tutor,Teachers,Education,Chemistry,Trainer,Lecturer,Teaching
Assistant Professor,New Horizon Vidya Mandir,Not disclosed,Bengaluru,New Horizon Vidya Mandir is looking for Assistant Professor to join our dynamic team an...,30+ Days Ago,matlab,c,mathematics,professor activities,tutoring,research analysis,teaching,training
Pharma Chemistry - Assistant Professor,The Oxford Educational Institutions,Not disclosed,Bengaluru,Job Description: Qualification: A PhD Degree with first class or equivalent grade at th...,30+ Days Ago,Counselor,Mentor,Trainer,Advisor,Educator,Teaching,Pharmaceutical,Mentoring
Mathematics- Assistant Professor,CMR Jnanadhara Trust,Not disclosed,Bengaluru,"The applicant should have a good academic record, relevant experience and an impressive...",30+ Days Ago,Counselor,Mentor,Trainer,Advisor,Educator,Teaching,Mathematics,Assistance
Chemistry- Assistant Professor,CMR Jnanadhara Trust,Not disclosed,Bengaluru,"The applicant should have a good academic record, relevant experience and an impressive...",30+ Days Ago,Counselor,Mentor,Trainer,Advisor,Educator,Teaching,Education,Mentoring
Assistant Professor,The Oxford Educational Institutions,Not disclosed,Bengaluru,Oxford School Of Business is looking for Assistant Professor to join our dynamic team a...,30+ Days Ago,matlab,management skills,mathematics,professor activities,presentation skills,tutoring,convincing power,teaching
Senior Secondary Teacher,CENTRE FOR TEACHER ACCREDITATION (CENTA) PRIVATE LIMITED,Not disclosed,Bengaluru,Laboratory Work: Plan and conduct laboratory experiments to give students practical exp...,30+ Days Ago,chemistry,bed,com,data analysis,classroom management,c,mathematics,presentation skills
Senior Secondary Teacher- Accountancy,CENTRE FOR TEACHER ACCREDITATION (CENTA) PRIVATE LIMITED,Not disclosed,Bengaluru,The ideal candidate should have a strong understanding of the subject matter they are t...,30+ Days Ago,bed,chemistry,mathematics,channel sales,presentation skills,distributor sales,teaching,retail sales
Senior Secondary Teacher -French,CENTRE FOR TEACHER ACCREDITATION (CENTA) PRIVATE LIMITED,Not disclosed,Bengaluru,The ideal candidate should have a strong understanding of the subject matter they are t...,30+ Days Ago,bed,chemistry,mathematics,channel sales,presentation skills,distributor sales,teaching,retail sales
Chemistry Teacher,Drona Training Academy,Not disclosed,Bengaluru,. Must have a Post Graduation level education in the relevant subjectsHelping and suppo...,30+ Days Ago,Chemistry,Staffing,Database,Mathematics,Research,Teaching Faculty,ICSE,Spectrum
Lab Technician/Research Assistant,J.K.K.Nattraja Educational Institutions,Not disclosed,"Kolkata, Mumbai, New Delhi, Hyderabad, Pune, Chennai, Bengaluru","Bachelor s or Master s degree in a relevant field (e.g., Pharmaceutical Sciences, Biome...",30+ Days Ago,molecular biology,pharmaceutical,biotechnology,biology,medical equipment,microbiology,teaching,lab
Junior Research Fellow/Research Assistant -CAREADD Project,St. Johns Research Institute,Not disclosed,Bengaluru,Experience: Individuals with experience in model system research or with wet lab experi...,30+ Days Ago,Literature,Junior Research Fellow,Principal Investigator,Life sciences,Biology,Research,Management,Molecular biology
Research Assistant and Post-Doctoral Fellow Institute,Institute Of Bioinformatics And Applied Biotechnology,Not disclosed,Bengaluru,"Essential Qualifications, Experiences and Skills: . Postdoctoral Fellow: PhD degree in ...",30+ Days Ago,PDF,Zoology,Cell biology,Genetics,Post Doctoral Fellow,Biochemistry,Life sciences,Research
RESEARCH ASSISTANT,Stellixir Biotech,Not disclosed,Bengaluru,"Applicants must have a Masters level (BTech, MTech, MSc or equivalent) degree in Biotec...",30+ Days Ago,Flow cytometry,Biotechnology,Mammalian cell culture,Microscopy,Genetics,Molecular biology techniques,Biochemistry,Research
Dental assistant,Ramaiah Memorial Hospital,Not disclosed,Bengaluru,"Dental assistants often handle administrative duties, such as maintaining patient files...",30+ Days Ago,molecular biology,scaling,rct,administration,microbiology,critical care,infection control,nursing
"Project Assistant, JRF and Post-Doctoral",Chanakya University,Not disclosed,Bengaluru,"Applications are invited for the positions of Project Assistant, Junior Research Fellow...",30+ Days Ago,Microbiology,Zoology,Genetics,Biochemistry,Life sciences,Biology,Research,Molecular biology
Civil Professional,Dawn Tutorials,Not disclosed,Bengaluru,The ideal candidate should have a strong understanding of the subject matter they are t...,30+ Days Ago,tgt,bed,teaching english,biology,mathematics,tutoring,teaching,social science
"Math Teacher For a CBSE School in Varthur ,Bangalore",Vishwa Vidyapeeth,Not disclosed,Bengaluru(Varthur +3),Classroom arrangement should be appropriate to lesson plan goalsUpdate all necessary re...,9 Days Ago,Maths Teacher,English,Education,Teaching,Mathematics,Teaching Maths,,
Hiring North Teachers (Tamil Nadu),Mdn Edify Education,1.75-5.5 Lacs PA,"Kolkata, Chennai, Bengaluru",We are seeking a candidate who has exceptional English communication skills and relevan...,14 Days Ago,TGT,MA,Bed,MED,PGT,Geography,EVS,Science
Software Engineer,ESIGO Consulting Group Pvt. Ltd.,Not disclosed,Bengaluru,"Purpose of the role. We are looking for an Engineer with strong analytical skills, crea...",20 Days Ago,c++,python,modeling,qt,prototyping,physics,predictive,opengl
Math Teacher,Gopalan National School North,Not disclosed,Bengaluru,"Part-time teacher for arts and crafts, and dance (with appropriate training) . For More...",8 Days Ago,tgt,igcse,bed,mathematics,tutoring,teaching,calculus,teaching mathematics
Teacher/Senior Teacher Spanish,Neev Academy,Not disclosed,Bengaluru,"Maintain good disciplinary order and child safety standards in the classrooms, on schoo...",1 Day Ago,tgt,bed,spanish,teaching english,biology,mathematics,professor activities,tutoring
Teacher/Senior Teacher Spanish,Neev Academy,Not disclosed,Bengaluru,Responsibilities applicable to DP Teachers only: . Maintain good disciplinary order and...,1 Day Ago,tgt,bed,spanish,teaching english,biology,mathematics,professor activities,tutoring
SHADOW TEACHER,The International School Bangalore (TISB),Not disclosed,Bengaluru,Past experience -Ideally a minimum 2 years in handling children with special educationa...,30+ Days Ago,clinical psychology,mathematics,therapy,teaching,training,social work,child psychology,counselling
PRIMARY YEARS TEACHER,The International School Bangalore (TISB),Not disclosed,Bengaluru,Possess internationally recognised teaching qualifications and a minimum of 2 years tea...,30+ Days Ago,bed,tgt,igcse,teaching english,classroom management,mathematics,pyp,tutoring
Software Development Lead,Accenture,Not disclosed,Bengaluru,"Apply knowledge of technologies, applications, methodologies, processes and tools to su...",11 Days Ago,c++,python,simulation,3d graphics,stakeholder management,c#,cuda,3ds max
Software Development Lead,Accenture,Not disclosed,Bengaluru,"Apply knowledge of technologies, applications, methodologies, processes and tools to su...",15 Days Ago,c++,python,simulation,3d graphics,stakeholder management,c#,cuda,virtual reality
Software Development Engineer,Accenture,Not disclosed,Bengaluru,"Perform maintenance, enhancements and / or development work. Must have skills : Industr...",7 Days Ago,c++,simulation,python,3d graphics,stakeholder management,cuda,algorithms,virtual reality
Hiring MSP Science Teacher,Mdn Edify Education,2-4.5 Lacs PA,Bengaluru(Whitefield),"Qualification: Bsc + B.ed, MscAs a Science Teacher, your primary responsibility is to i...",14 Days Ago,Bed,Science,Cambridge,CBSE,Teaching,TGT,Biology,MSP
"Assistant Manager, HR Governance",Diageo,Not disclosed,Bengaluru,We are seeking a Global Payroll Process Governance Lead to join our dynamic team. This...,1 Day Ago,Business process,Payroll,Change management,Excel,HRIS,Project management,Visio,Continuous improvement
Teaching assistant,Trio World Academy,Not disclosed,Bengaluru,Trio world academy is looking for Teaching assistant to join our dynamic team and embar...,30+ Days Ago,com,teaching english,classroom management,biology,mathematics,cadet activities,tutoring,academics
Production - B.Sc / M.Sc,JOB Junction India.com,Not disclosed,Bangalore/Bengaluru,"Call - 8050011328 / 9845798290 If you have any questions or need help with something, f...",1 Day Ago,Chemistry,Bsc,Production,MSC,Phy,Biotechnology,Agri,Microbiology
Assistant Professor,Reva University,Not disclosed,Bengaluru,"Supervising, advising and mentoring teaching assistants and graduate studentsKey requir...",30+ Days Ago,Proposal writing,Biotechnology,Publishing,Networking,Curriculum development,Biochemistry,Assistant Professor,Research
Professor,Reva University,Not disclosed,Bengaluru,"Supervising, advising and mentoring teaching assistants and graduate studentsKey requir...",30+ Days Ago,Proposal writing,Biotechnology,Publishing,Networking,Curriculum development,Biochemistry,Mathematics,Research
Parts and Service Manager - WFO - Bangalore - JP Nagar,Izmo,14-16 Lacs PA,Bengaluru(JP Nagar),"Evening shift (1PM 10PM) Bachelors degree in Business Administration, Automotive Techno...",13 Days Ago,Parts operations,automotive dealership,Service Manager,Deep understanding of automotive repair processes,Servicing,automotive repair processes,Maintenance,Repair
Mathematics Teacher,Aavishkar Academy,Not disclosed,Bengaluru,Aavishkar Academy is looking for Mathematics Teacher to join our dynamic team and embar...,30+ Days Ago,Mathematics,Teaching mathematics,Teaching,,,,,
Senior Secondary Teacher -Maths,CENTRE FOR TEACHER ACCREDITATION (CENTA) PRIVATE LIMITED,Not disclosed,Bengaluru,The ideal candidate should have a strong understanding of the subject matter they are t...,30+ Days Ago,bed,team management,mathematics,channel sales,distributor sales,teaching,retail sales,business development
Pre Primary teacher-English,CENTRE FOR TEACHER ACCREDITATION (CENTA) PRIVATE LIMITED,Not disclosed,Bengaluru,The ideal candidate should have a strong understanding of the subject matter they are t...,30+ Days Ago,pre primary,montessori,bed,teaching english,dancing,art,mathematics,presentation skills
Pre-Primary Teacher- EVS,CENTRE FOR TEACHER ACCREDITATION (CENTA) PRIVATE LIMITED,Not disclosed,Bengaluru,The ideal candidate should have a strong understanding of the subject matter they are t...,30+ Days Ago,pre primary,montessori,bed,teaching english,dancing,art,mathematics,presentation skills
Senior Secondary Teacher- Sanskrit,CENTRE FOR TEACHER ACCREDITATION (CENTA) PRIVATE LIMITED,Not disclosed,Bengaluru,"Incorporating Technology and Resources:Utilize modern teaching tools, software, and onl...",30+ Days Ago,bed,tgt,dancing,teaching english,language teaching,singing,mathematics,presentation skills
Middle School teacher- English,CENTRE FOR TEACHER ACCREDITATION (CENTA) PRIVATE LIMITED,Not disclosed,Bengaluru,Collaborate with other teachers and school staff to provide a comprehensive and cohesiv...,30+ Days Ago,bed,tgt,teaching english,language teaching,english literature,mathematics,tutoring,teaching
Primary Teacher-EVS,CENTRE FOR TEACHER ACCREDITATION (CENTA) PRIVATE LIMITED,Not disclosed,Bengaluru,CENTRE FOR TEACHER ACCREDITATION (CENTA) PRIVATE LIMITED is looking for Primary Teacher...,30+ Days Ago,bed,tgt,teaching english,classroom management,mathematics,tutoring,teaching,training
Senior Secondary Teacher-English,CENTRE FOR TEACHER ACCREDITATION (CENTA) PRIVATE LIMITED,Not disclosed,Bengaluru,Collaborate with other teachers and school staff to provide a comprehensive and cohesiv...,30+ Days Ago,bed,teaching english,english literature,mathematics,channel sales,distributor sales,teaching,retail sales
Primary Teacher- English,CENTRE FOR TEACHER ACCREDITATION (CENTA) PRIVATE LIMITED,Not disclosed,Bengaluru,Collaborate with other teachers and school staff to provide a comprehensive and cohesiv...,30+ Days Ago,bed,teaching english,english literature,mathematics,presentation skills,tutoring,teaching,english language
Middle School Teacher- Hindi,CENTRE FOR TEACHER ACCREDITATION (CENTA) PRIVATE LIMITED,Not disclosed,Bengaluru,CENTRE FOR TEACHER ACCREDITATION (CENTA) PRIVATE LIMITED is looking for Middle School T...,30+ Days Ago,tgt,teaching english,language teaching,classroom management,mathematics,presentation skills,lesson planning,tutoring
Primary Teacher- Hindi,CENTRE FOR TEACHER ACCREDITATION (CENTA) PRIVATE LIMITED,Not disclosed,Bengaluru,The ideal candidate should have a strong understanding of the subject matter they are t...,30+ Days Ago,bed,tgt,bpo,management skills,mathematics,customer service,presentation skills,convincing power
Primary Teacher,CENTRE FOR TEACHER ACCREDITATION (CENTA) PRIVATE LIMITED,Not disclosed,Bengaluru,CENTRE FOR TEACHER ACCREDITATION (CENTA) PRIVATE LIMITED is looking for Primary Teacher...,30+ Days Ago,tgt,bed,teaching english,classroom management,mathematics,tutoring,teaching,social science
Pre Primary teacher -Maths,CENTRE FOR TEACHER ACCREDITATION (CENTA) PRIVATE LIMITED,Not disclosed,Bengaluru,CENTRE FOR TEACHER ACCREDITATION (CENTA) PRIVATE LIMITED is looking for Pre Primary tea...,30+ Days Ago,pre primary,bed,montessori,teaching english,dancing,art,classroom management,mathematics
Senior Secondary Teacher -Psychology,CENTRE FOR TEACHER ACCREDITATION (CENTA) PRIVATE LIMITED,Not disclosed,Bengaluru,The ideal candidate should have a strong understanding of the subject matter they are t...,30+ Days Ago,bed,mathematics,channel sales,therapy,presentation skills,distributor sales,teaching,training
Cambridge Primary -Maths Teacher,CENTRE FOR TEACHER ACCREDITATION (CENTA) PRIVATE LIMITED,Not disclosed,Bengaluru,CENTRE FOR TEACHER ACCREDITATION (CENTA) PRIVATE LIMITED is looking for Cambridge Prima...,30+ Days Ago,Cambridge Primary -Maths Teacher,Teaching Maths,Teaching,Cambridge,Mathematics,,,
Mathematics Teacher,Drona Training Academy,Not disclosed,Bengaluru,. Must have a Post Graduation level education in the relevant subjectsHelping and suppo...,30+ Days Ago,Mathematics,Research,ICSE,Teaching,Teaching mathematics,,,
Science Teacher,Drona Training Academy,Not disclosed,Bengaluru,. Must have a Post Graduation level education in the relevant subjectsHelping and suppo...,30+ Days Ago,Mathematics,Research,ICSE,Teaching,Science teaching,Science,,
Unreal Game Developer (Freelancer),Xogar Games,Not disclosed,Bengaluru,"Bachelors degree in Computer Science, Software Engineering, Game Development, or a rela...",20 Days Ago,aaa,algorithms,system,mathematics,physics,engine development,unreal engine,communication skills
Analyst,Kantar,Not disclosed,Hybrid - Bengaluru,Bachelors degree in Engineering from premiere institute OR Graduation in any discipline...,26 Days Ago,Analytical Skills,Market Mix Modelling,Mathematics,Logical Approach,Bayesian Regression,Word,Powerpoint,SQL
IBDP French Facilitator,Sharanya Narayani International School,Not disclosed,Bengaluru,Design and deliver French language instruction for the International Baccalaureate ...,30+ Days Ago,french language,igcse,bed,teaching english,language teaching,mathematics,myp,teaching
IBMYP Individuals & Society Facilitator,Sharanya Narayani International School,Not disclosed,Bengaluru,Qualification: M.A. (History/ Economics) with B.Ed. Experience: Should have a ...,30+ Days Ago,igcse,bed,tgt,myp,mathematics,pyp,administration,teaching
IBDP / IBMYP Spanish Facilitator,Sharanya Narayani International School,Not disclosed,Bengaluru,Qualification: Preferably M.A (Spanish) Experience: Qualified teachers shoul...,30+ Days Ago,bed,myp,mathematics,pyp,teaching,training,facilitation,coordination
Secondary and Higher Secondary Teachers,Delhi Public School Whitefield,Not disclosed,Bengaluru,Teach subjects to students in middle and high school. Prepare and deliver lessons t...,26 Days Ago,Computer science,Accountancy,Economics,Chemistry,French,Political science,Business studies,Psychology
IBDP teachers,Ebenezer International School,Not disclosed,Bengaluru,Working at EISB can be a very rewarding experience,26 Days Ago,Training,Meditation,Infrastructure,Business management,Mathematics,Biology,Budgeting,Management
Hiring Teachers For (Pan India),Mdn Edify Education,2-4 Lacs PA,"Hyderabad, Chennai, Bengaluru","Dear Candidates, Thank you for being so interested in Edify World School. We are thrill...",14 Days Ago,TGT,Science,Mathematics,Biology,PGT,Bed,Teaching Mathematics,EVS
Primary School - Grades 1 To 3 Teacher,National Academy For Learning,Not disclosed,Bengaluru,National Academy For Learning - India is looking for Primary School - Grades 1 to 3 Tea...,30+ Days Ago,com,bed,teaching english,computer,biology,mathematics,english typing,cadet activities
Associate Manager - Acquisition (Household),IDFC FIRST Bharat,Not disclosed,"Kolkata, Mumbai, New Delhi, Hyderabad, Pune, Chennai, Bengaluru",. Education Qualification: Graduation: bachelors in Engineering / Technology / Maths / ...,30+ Days Ago,Customer acquisition,Sales,Compliance,Branch banking,Banking,Manager Technology,Commerce,Biology
Financial Literacy Teacher,ORCHIDS THE INTERNATIONAL SCHOOL,Not disclosed,"Mumbai, Hyderabad, Pune, Chennai, Bengaluru","We invite applications from creative, enthusiastic and experienced Teachers of Science...",30+ Days Ago,fluent english,biology,mathematics,diagnosis,teaching,patient care,sales,healthcare
Digital Intelligence & Capabilities Assistant Manager,Hindustan Unilever (HUL),Not disclosed,Bengaluru,Preference within FMCG Digital Evolution is our crucial enabler to provide superb custo...,11 Days Ago,Business process,Supply chain,Data analysis,Change management,ERP,Operational excellence,Data modeling,FMCG
Associate Professor,Reva University,Not disclosed,Bengaluru,"Supervising, advising and mentoring teaching assistants and graduate studentsKey requir...",30+ Days Ago,Proposal writing,Biotechnology,Publishing,Networking,Associate Professor,Curriculum development,Biochemistry,Research
Software Engineering Specialist - Sustainability & ESG Reporting,Baker Hughes,Not disclosed,"Pune, Bengaluru","Have a Bachelors Degree in Computer Science or STEM Majors (Science, Technology, Engine...",2 Days Ago,Manual testing,Linux,Agile,Engineering Manager,microsoft,Risk management,infrastructure services,Analytics
Data Engineering Specialist - Sustainability & ESG Reporting,Baker Hughes,Not disclosed,"Pune, Bengaluru","Have a Bachelors Degree in Computer Science or STEM Majors (Science, Technology, Engine...",2 Days Ago,Manual testing,Agile,Engineering Manager,Data quality,Risk management,Distribution system,Analytics,Monitoring
Junior Research Fellow,Institute Of Bioinformatics And Applied Biotechnology,Not disclosed,Bengaluru,Project Description: The project aims to integrate multiple approaches available...,30+ Days Ago,Training,Chemistry,Web technologies,Machine learning,Junior Research Fellow,Programming,Infrastructure,Life sciences
PCMB Content Developers,Dev Solutions,Not disclosed,Bengaluru,Candidates could be from IITs/ NITs with 0 - 1 years experience You are an IIT/ NIT gra...,30+ Days Ago,Webmethods,Chemistry,Biology,Teaching,Development,Content development,Content,
AI/ML Computational Science Sr Analyst,Accenture,Not disclosed,Bengaluru,Please note that this role may require you to work in rotational shiftsQualifications: ...,4 Days Ago,biology,mathematics,presentation skills,teaching,coaching,excellent verbal and written communication skills,content writing,tutoring
AI/ML Computational Science Analyst,Accenture,Not disclosed,Bengaluru,Please note that this role may require you to work in rotational shiftsQualifications: ...,4 Days Ago,python,mathematics,teaching,machine learning,artificial intelligence,deep learning,biology,natural language processing
BIOLOGY FACULTY,Avanti,Not disclosed,"Kolkata, Mumbai, New Delhi, Hyderabad, Pune, Chennai, Bengaluru","Classroom Instruction:Deliver engaging and interactive lectures, laboratory sessions, a...",30+ Days Ago,biotechnology,biology,classroom management,botany,tutoring,teaching,recombinant dna technology,environmental science
PGT Chemistry Tutor,Google,Not disclosed,"Kolkata, Mumbai, New Delhi, Hyderabad, Pune, Chennai, Bengaluru",This is a part-time remote role for a Chemistry K12 Tutor at Filo . The role requires s...,20 Days Ago,chemistry,physical chemistry,mathematics,tutoring,teaching,pgt,online tutoring,pgt chemistry
HR Service Delivery New Associate,Accenture,Not disclosed,Bengaluru,Skill required: Employee Services - Customer CareDesignation: HR Service Delivery New A...,19 Days Ago,business leadership,process improvement,talent acquisition,hr processes,hr shared services,hr generalist activities,human resource management,hr operations
Virtual Teacher,Towers and Young,Not disclosed,"Kolkata, Mumbai, New Delhi, Hyderabad, Pune, Chennai, Bengaluru","Job Description You will be responsible for answering Questions, related to your fiel...",30+ Days Ago,Computer science,Electrical engineering,Operations management,Time management,Chemical engineering,MS Outlook,Windows,Subject Matter Expert
Teacher/Senior Teacher Mathematics,Neev Academy,Not disclosed,Bengaluru,"Post-Graduate Degree, PGDIE / CIDTL/BEd preferred . Maintain good disciplinary order an...",Just Now,Supervisor,Usage,Strategic planning,Support services,Mathematics,Monitoring,Teaching,Senior
Senior School - Biology & ESS Teacher,Neev Academy,Not disclosed,Bengaluru,". Research new topic areas, devising and writing new curriculum course materials as req...",1 Day Ago,Usage,Manager Technology,Biology,Research,Educator,Monitoring,Teaching,ESS
Teacher/Senior Teacher Mathematics,Neev Academy,Not disclosed,Bengaluru,"Maintain good disciplinary order and child safety standards in the classrooms, on schoo...",1 Day Ago,Supervisor,Usage,Strategic planning,Support services,Mathematics,Monitoring,ICSE,Teaching
Senior Teacher/Teacher Biology (DP),Neev Academy,Not disclosed,Bengaluru,Responsibilities applicable to DP Teachers only Maintain good disciplinary order and ch...,1 Day Ago,Supervisor,Usage,Strategic planning,Support services,Biology,Monitoring,ICSE,Teaching
Teacher/Senior Teacher Mathematics,Neev Academy,Not disclosed,Bengaluru,Responsibilities applicable to DP Teachers only . Maintain good disciplinary order and ...,1 Day Ago,Supervisor,Usage,Strategic planning,Support services,Mathematics,Monitoring,ICSE,Teaching
Teacher/Senior Teacher Biology,Neev Academy,Not disclosed,Bengaluru,Responsibilities applicable to DP Teachers only Maintain good disciplinary order and ch...,1 Day Ago,Supervisor,Usage,Strategic planning,Support services,Biology,Monitoring,ICSE,Teaching
Home Room Teachers,Neev Academy,Not disclosed,Bengaluru,Educate students by planning and implementing lessons according to Neev Early Y...,1 Day Ago,rest,sqlite,mathematics,mvp,android,kotlin,android studio,teaching
Teacher/Senior Teacher Hindi,Neev Academy,Not disclosed,Bengaluru,"Maintain good disciplinary order and child safety standards in the classrooms, on schoo...",1 Day Ago,bed,tgt,teaching english,project management,mathematics,administration,customer service,tutoring
Teacher/Senior Teacher Design,Neev Academy,Not disclosed,Bengaluru,"Post-Graduate Degree, PGDIE / CIDTL/BEd preferred . Maintain good disciplinary order an...",1 Day Ago,art,mathematics,draping,pattern making,garment construction,teaching,problem solving,embroidery
Senior Teacher,Neev Academy,Not disclosed,Bengaluru,"Maintain good disciplinary order and child safety standards in the classrooms, on schoo...",1 Day Ago,igcse,teaching english,mathematics,professor activities,administration,tutoring,teaching,training
Associate Consultant,Sykes Digital Services,Not disclosed,Bengaluru,"This role is open to graduates and doesn t, therefore, require any previous experience ...",30+ Days Ago,BPO,Computer science,Process automation,Automation,Managed services,Project management,Consulting,Troubleshooting
Assistant Manager- US Strategy & Technology,Deloitte,Not disclosed,"Hyderabad, Bengaluru","Hence, our standard shift for this role is 11 a.m. - 8 p.m. MBA or Masters Degree like...",20 Days Ago,SAS,SPSS,analytical research,r,data analysis,business consulting,statistical tools,strategic insights
Assistant Manager-GIS,Wipro,Not disclosed,Bengaluru,"Excellent analytical skills for MIS, number crunching & reporting to internal & externa...",28 Days Ago,customer service,presentation skills,cartography,gis,qgis,project management,mis preparation,data analysis
Assistant Manager Learning designer (Instructional Designer),Simplilearn,Not disclosed,Bengaluru,We are seeking an experienced Ed Tech Instructional Designer to join our team. The ide...,22 Days Ago,Team management,Manager Quality Assurance,Instructional design,agile project management,Shaping,Manager Technology,Management,Design
Assistant Manager - Debt Management Services - SME,Bajaj Finserv Ltd.,Not disclosed,Bengaluru,Required Qualifications and Experience Prefer Candidates with retail Debt Management Se...,30+ Days Ago,Retail,Matrix,People management skills,Relationship,Legal,Management,Debt management,Cost
Online Tutors required For a coaching Institute,Global Jobs Consultants,6-16 Lacs PA,"Hyderabad, Chennai, Bengaluru",Maths/ Physics/ Chemistry/ Accounts teachers with 3 + years experience in online coachi...,14 Days Ago,Tutoring,Online Tutoring,Mathematics,Institute,Coaching,,,
Medical Coder,Yogam Bpo,Not disclosed,"Chennai(Madipakkam +3), Bengaluru, Thiruvananthapuram",Healthcare facilities prefer to hire freshers who have completed formal skill-based lea...,20 Days Ago,fresher,bsc nurse,biochemistry,Biotechnology,VisionaryRCM,Ayurveda,VeeTech,Biology
Research Scientist,IIPTA,8-10 Lacs PA,"Hyderabad, Chennai, Bengaluru",Patent Writing for United States Patent and Trademark Office Kindly provide minimum two...,20 Days Ago,Life Sciences,Drug,Biotechnology,Pharmaceutics,Zoology,Biology,Biochemistry,Pharmacology
Biotech Researcher,IIPTA,4-5.5 Lacs PA,"Hyderabad, Chennai, Bengaluru",Patent Search & Analysis on the latest tech Creating patent reports on inventions The c...,20 Days Ago,Biotechnology,Microbiology,Biology,Cell Biology,Life Sciences,Health Care Services,Bioprocess Engineering,Zoology
Hiring BSC or MSC Candidates,JOB Junction India.com,Not disclosed,Bangalore/Bengaluru,Job Location: Bangalore Contact Number: 9845798290 / 9845514305,29 Days Ago,Microbiology,Bsc,MSC,Chemistry,chemical,Biotechnology,Molecular Biology,Zoology
Lake Monitoring Intern,1010 Solutions,Not disclosed,"Hubli, Mangaluru, Mysuru, Bengaluru, Belgaum",We are looking for a passionate Lake Monitoring Intern to help scout lakes with eutroph...,1 Day Ago,Biotechnology,Environmental science,Intern,Microbiology,Data collection,Biology,Internship,Monitoring
Customer Success Executive / Training Coordinator,Chipedge Technologies,Not disclosed,Bengaluru,"Proficient in Microsoft Office, Outlook, Google Drive and web applications Industry Typ...",1 Day Ago,web application,edtech,mathematics,administration,google drive,training,teaching,business development
Mathematics - Associate Professor,Dayananda Sagar Institutions (DSI),Not disclosed,Bengaluru,Job Description: To develop the quality assurance framework within the College?s overal...,30+ Days Ago,Counselor,Mentor,Trainer,Advisor,Educator,Teaching,Training,Counselling
Mathematics- Associate Professor,CMR Jnanadhara Trust,Not disclosed,Bengaluru,"Qualifications are the same as that for Assistant Professors. In addition, the applican...",30+ Days Ago,Counselor,Mentor,Trainer,Advisor,Educator,Teaching,Mathematics,Counselling
Chemistry- Associate Professor,CMR Jnanadhara Trust,Not disclosed,Bengaluru,"Qualifications are the same as that for Assistant Professors. In addition, the applican...",30+ Days Ago,Counselor,Mentor,Trainer,Advisor,Educator,Teaching,Chemistry,Counselling
Associate Developer,Axa Technology Services,Not disclosed,Bengaluru,. Should perform Application Developer duties when required . Informatica / SQL server ...,30+ Days Ago,Computer science,Application support,MS SQL,Scheduling,Customer service,Business strategy,Oracle,Operations
Senior Chemistry Teacher TGT,Dextres Trainers,5-9 Lacs PA,Bengaluru,Preferred candidate profile . We would prefer a candidate with atleast 5 year experienc...,4 Days Ago,TGT,Teaching Chemistry,Pedagogy,Senior,Teaching,Teaching Biology,Chemistry,
Research Associate,St. Johns Research Institute,Not disclosed,Bengaluru,"The candidates must be self-motivated, able to multi-task and to work within a very col...",30+ Days Ago,Data analysis,Analytical Research Associate,Analytical,Focus,Principal Investigator,Molecular biology,Research Associate,Investigation
"Research Associate, Medical Technologies",Emerg Medtech,Not disclosed,Bengaluru,"EMeRG is looking for Research Associate, Medical Technologies to join our dynamic team ...",30+ Days Ago,medical writing,molecular biology,pharmaceutical,biotechnology,drug safety,scientific writing,clinical data management,medical research
Associate Data Analytics - Freshers,Bigspire Software,Not disclosed,Bengaluru,"Qualifications: Bachelor or Master degree in Business Management, Mathematics, Statisti...",30+ Days Ago,Computer science,Analytical skills,Economics,Hadoop,Business management,Data analytics,Mathematics,Statistics
CEO Assistant,Baryons Software Solutions,Not disclosed,Bengaluru,Extensive market research analysis. Conceiving and developing efficient and intuit...,30+ Days Ago,Interpersonal skills,Sales,Analytical,Relationship,Market research,Presales,Mathematics,Research analysis
Dy. Manager / Assistant Manager,Endo Pharmaceuticals,Not disclosed,"Kolkata, Mumbai, New Delhi, Hyderabad, Pune, Chennai, Bengaluru",Should having sound knowledge about the hyphenated techniques like mass spectrometry an...,30+ Days Ago,Chemistry,Method validation,Compliance,Pharma,Analytical,Equity,Troubleshooting,Mass spectrometry
Project Assistant (PA)/Junior Research Fellow,Institute Of Bioinformatics And Applied Biotechnology,Not disclosed,Bengaluru,Master s degree (MSc OR equivalent) in Life Sciences/ Biochemistry/ Molecular Biology/ ...,30+ Days Ago,Biotechnology,Zoology,Cell biology,Genetics,Biochemistry,Life sciences,Biology,Research
PGT Math Teacher,TriGem Solutions,Not disclosed,Bengaluru,Requirements . Bachelors degree in Science/ Math and Education . More than 3 years of ...,30+ Days Ago,Monitoring,Teaching,PGT,Mathematics,,,,
PGT Chemistry Teacher,TriGem Solutions,Not disclosed,Bengaluru,Requirements . Bachelors degree in Science and Education . More than 3 years of teachi...,30+ Days Ago,Chemistry,Monitoring,Teaching,PGT,PGT Chemistry,,,
"PGT Biology Teacher, Grade 9-12",TriGem Solutions,Not disclosed,Bengaluru,Requirements . Bachelors degree in Science and Education . More than 3 years of teachi...,30+ Days Ago,Biology,Monitoring,Teaching,PGT,Grade,PGT Chemistry,,
Project Assistant,Institute Of Bioinformatics And Applied Biotechnology,Not disclosed,Bengaluru,Applications are invited for the Project Assistant position(s) in Aging Genomics group ...,30+ Days Ago,Biotechnology,Data analysis,Linux,Genomics,Molecular biology techniques,Life sciences,Bioinformatics,Computational biology
Assistant Officer,Ultra Tech Cement,Not disclosed,"Hubli, Mangaluru, Mysuru, Bengaluru, Belgaum",. KRA 2: Knowledge of all safety standards and good knowledge of implementation in day ...,30+ Days Ago,Product quality,Chemistry,SAP,Excel,ISO,Customer satisfaction,NABL,Chemical testing
IGCSE/IBDP -Phyiscs @ Greenwood High Int'l School Sarjapur,Greenwood High International School,Not disclosed,Bengaluru(Sarjapur +1),Qualifications and Skills: . Bachelors degree in Physics or a related field (Master s d...,9 Days Ago,IGCSE,Ibdp,Physics,Education,IB,Cambridge,Teaching,INT
Apprenticeship - Graduates - 23 / 24 - Pass outs,Fidelity,3 Lacs PA,"Hybrid - Chennai, Bengaluru",Eligibility : . Full Time Graduates (preferably B.com / BBA) from any streams (2023 / 2...,1 Day Ago,Transaction Processing,Process,Processing,,,,,
Hiring For Pharmacy (Fresher D.Pharma/ B.Pharma Licenses is mandatory),TeamLease,"50,000-3 Lacs PA","Pune, Bengaluru, Mumbai (All Areas)",Role & responsibilities Organize the pharmacy in an efficient manner to make the ident...,27 Days Ago,pharmacist,Medicine,Medicinal Chemistry,Clinical Pharmacy,Pharmaceutics,Pharmacy,Dispensing,Medical
Hiring For Pharmacy (Fresher D.Pharma/ B.Pharma Licenses is mandatory),TeamLease,"50,000-3 Lacs PA","Hyderabad, Ahmedabad, Bengaluru",Role & responsibilities Organize the pharmacy in an efficient manner to make the ident...,27 Days Ago,pharmacist,Medicine,Medicinal Chemistry,Clinical Pharmacy,Pharmaceutics,Pharmacy,Dispensing,Medical
Accountant,JOB Junction India.com,Not disclosed,Bangalore/Bengaluru,"Call - 8050011328 / 9845798290 Proficiency in Accounting on Tally, Good Knowledge on GS...",1 Day Ago,Tally,Accounting,Bcom,Gst,account,Prime,PT,VAT
Patent Analyst/ Pharma Patent Researcher/ Patent Engineer,IPR Learning Institute,2.75-5.5 Lacs PA,"Bengaluru, Delhi / NCR, Mumbai (All Areas)","Candidate will undergo Patent Analyst Training at IPR Learning Institute, On successful...",5 Days Ago,Patent Analysis,Patent Drafting,Patents,Life Sciences,Engineering,FTO,Drug,Intellectual Property Rights
Senior/Advisor - Synthetic/Process Chemist,Eli Lilly And Company,Not disclosed,Bengaluru,The LCCI group in India houses a PRD team that works closely with the PRD team in India...,6 Days Ago,Organic chemistry,Computational chemistry,Chemistry,Software packages,Chemical,Pharma,international travel,Healthcare
Patent Research Analyst/ IP Analyst/ Patent Engineer/ R&D,Effectual Services,3-5.5 Lacs PA,"Hybrid - Bengaluru, Delhi / NCR, Mumbai (All Areas)",Completed or pursuing a Master degree / Bachelor degree in Mechanical / Biotechnology/P...,6 Days Ago,Communication skills - Oral & Written,Biotechnology,Microbiology,Pharmacy,Computer Science,Research & Development,Biology,Mechanical Engineering
Teacher,Augment Edutech,Not disclosed,"Chennai, Delhi / NCR, Bengaluru","Minimum 7 years of teaching experience in Maths, English, Science, and Computers",21 Days Ago,Teaching,Training,teaching strategies,Curriculum development,Development,,,
"Math Teacher - CBSE School ,Yelahanka (Grade 11 & 12)",Vishwa Vidyapeeth,Not disclosed,Bangalore/ Bengaluru(Yelahanka),"Role & responsibilities Excellent Skills with regard to the subject deliveryTo plan, or...",9 Days Ago,Maths Teacher,Education,math,Teaching,Training,Grade,Teaching Maths,Mathematics
"TGT, PRT Teacher",Shishya Beml Public School,Not disclosed,Bengaluru,Graduate with BEd and teaching experience of 3-5 yearsThe ideal candidate should have a...,8 Days Ago,tgt,bed,teaching english,mathematics,tutoring,teaching,history,social science
"IB PYP Mathematics Teacher, AY 2025-26",Teacher Pool,Not disclosed,Bengaluru,"Bachelors degree in Education, Mathematics, or related field . Teaching certification o...",8 Days Ago,Data analysis,Interpersonal skills,Manager Technology,Mathematics,Teaching,Pyp,Interpersonal,Technology
"Math Teacher - ICSE School ,Yelahanka",Vishwa Vidyapeeth,Not disclosed,Bangalore/ Bengaluru(Yelahanka),Role & responsibilities (Math's teacher for Primary and Middle School)Excellent Skills ...,9 Days Ago,Maths Teacher,Education,math,Teaching,Training,ICSE,Teaching Maths,Mathematics
"Math Teacher - IGCSE School, Yelahanka, Bangalore",Vishwa Vidyapeeth,Not disclosed,Bangalore/Bengaluru(Yelahanka),Qualification . Bachelors degree in MathMasters degree preferredPreferred candidate pro...,8 Days Ago,Math Teacher,Maths,Communication Skills,teaching,Lesson Planning,Mathematics,Planning,IGCSE
High school Maths teacher,N K Consultants,3.5-5.5 Lacs PA,Bengaluru,Should have done BSC (Maths) or Msc (Maths) from Reputed University Should have Done B....,5 Days Ago,Middle school Maths teacher,TGT Maths,PGT Maths,cbse,icse,TGT,Teaching,PGT
"PGT Chemistry/ PGT Accountancy teachers: CBSE@ Whitefield, B'lore",Vhire4u,Not disclosed,Bengaluru,"1. PGT Chemistry - B.sc, M.sc + B.ed - Chemistry 2. PGT Accountancy - B.com, M.com + B....",26 Days Ago,grade 12th,grade 11th,chemistry,Pgt Chemistry,Accountancy,post graduate teacher,pgt commerce,lecturer
USI R & FA - Internal Audit - ASA,Deloitte,Not disclosed,"Chennai, Gurugram, Bengaluru","Job title: Associate Solution Advisor (ASA)AboutAt Deloitte, we do not offer you just a...",18 Days Ago,Internal Audit,risk assessment,financial management,internal control documentation,accounting,financial consulting,CA,FA
Candidate Manager / Recruiter,TEKsystems,Not disclosed,"Bangalore Rural, Bengaluru","Bachelor s degree in any stream can applyand employment negotiations, all while ensurin...",28 Days Ago,Recruitment,Technical Hiring,IT Recruitment,Technology Recruitment,Technology Hiring,Technical Recruitment,Technical,Technology
Sr Advanced Cyb Sec Archt/Engr,Honeywell,Not disclosed,Bengaluru,Excellent communication and ability to convey complex technical concepts to stakeholder...,30+ Days Ago,security architect,Automation,cyber security,Design review,Software development life cycle,Subject Matter Expert,microsoft,Risk management
Lead Product Engineer,Siemens,Not disclosed,Bengaluru,"Do you have good understanding of timing, power and area trade-offs . Ability to pickup...",20 Days Ago,Automation,Timing closure,Telecom engineering,VLSI,Debugging,Siemens,System design,Healthcare
Training Specialist - Pincode,Phonepe,Not disclosed,Bengaluru,"At PhonePe, the customer experience team takes full ownership of customers problems and...",22 Days Ago,Change management,Customer experience,Customer service,Medical insurance,Continuous improvement,Stakeholder management,Financial services,Monitoring
Lead Member of Technical Staff,Siemens,Not disclosed,Bengaluru,Siemens EDA is a global technology leaderin Electronic Design Automation software...,22 Days Ago,CVS,C++,Automation,XML,Configuration management,MySQL,Agile,JSON
Clinical Research Coordinator,Pharma IT Recruitment Company,2.5-7.5 Lacs PA,"Hybrid - Bengaluru, Delhi / NCR, Mumbai (All Areas)","Fresher Hiring - Delhi, Mumbai, Pune, Bangalore, Chandigarh, Kolkata, Ahmedabad, Hydera...",5 Days Ago,Medical Records,Pharmaceutical,Life Sciences,Healthcare,Medical,Biotechnology,Microbiology,Biochemistry
Lead Member Technical Staff,Siemens,Not disclosed,Bengaluru,"Do you have good understanding of timing, power and area trade-offs. Ability to pickup ...",30+ Days Ago,Automation,Timing closure,VLSI,Debugging,Siemens,System design,Healthcare,Technical support
Manufacturing / Production Head,Sandhar Technologies,Not disclosed,"Bengaluru, Peenya","Should have transfer of skills and knowledge pertaining to operation standard, operatin...",Just Now,Manufacturing,layout,shop mathematics,Fixtures,Customer Handaling,Jigs,mechanics,metal properties
Sr Advanced Embedded Engr,Honeywell,Not disclosed,"Greater Noida, Bengaluru",Bachelor s degree from an accredited institution in a technical discipline such as the ...,Just Now,Wireless,Computer languages,C++,C,Manager Technology,Technical Lead,Mathematics,Firmware
Advanced Embedded Engr,Honeywell,Not disclosed,"Greater Noida, Bengaluru",Bachelor s degree from an accredited institution in a technical discipline such as the ...,Just Now,Wireless,Computer languages,C++,C,Manager Technology,Mathematics,Firmware,embedded software development
Industry Consultant: INDUSTRY.Life Sciences,IBM,Not disclosed,Bengaluru,Ability to communicate and influence the Business / Design teams to achieve the Busines...,1 Day Ago,project management,biotechnology,pharmaceutical,sales,life sciences,molecular biology,biology,microbiology
S&C Global Network - AI - CMT - Consultant Data Science LLM,Accenture,Not disclosed,Bengaluru,. Understanding basics of different LLM algorithms and their applications (Must Have) M...,1 Day Ago,algorithms,mathematics,data mining,artificial intelligence,statistics,ms azure,natural language processing,gpm
Design Engineer,Infineon,Not disclosed,Bengaluru,"Experience in analog and mixed-signal circuit design, particularly in CMOS and Smart Po...",30+ Days Ago,Manager Quality Assurance,Analog,Circuit designing,Mixed signal,CAD,Tool design,Silicon,Physical design
Research Engineer - Combustion Dynamics,GE India Ltd,Not disclosed,Bengaluru,Required Qualifications: . Ph D in Aerospace / Mechanical Engineering specializing in C...,30+ Days Ago,CFD,Thermodynamics,Aviation,Aerospace,Analytical,CAD,Aerodynamics,Gas turbine
Chemist,Technoculture Research Pvt. Ltd.,3-6 Lacs PA,Bengaluru,Masters degree in Chemistry or Chemical Engineering with a specialization in Inorganic ...,9 Days Ago,Chemistry,Inorganic Chemistry,Chemical Engineering,Biotechnology,Physical Chemistry,Bio-instrumentation,Inorganic,Physical
Secondary Mathematics Teacher/Vibgyor_Electronic City,VIBGYOR Group of Schools,Not disclosed,Bengaluru(Electronic City),Lesson Delivery: Ensure the lesson plan prepared is followed along with the mentioned ...,29 Days Ago,Mathematics,Secondary,Teaching mathematics,Teaching,,,,
Middle School Math Teacher-Glentree Academy-Sarjapur,Learning Edge India,3.25-3.5 Lacs PA,Bengaluru(Sarjapur),"To plan, organize and implement an appropriate instructional program in an Middle schoo...",8 Days Ago,Communication Skills,Mathematics,Teaching,Bed,Presentation Skills,Effective Communication,Team Skills,Coaching
Senior Secondary English & Mathematics Teacher,Tcis,Not disclosed,Bengaluru,The ideal candidate should have a strong understanding of the subject matter they are t...,19 Days Ago,bed,tgt,team management,mathematics,channel sales,distributor sales,tutoring,teaching
PRIMARY & MIDDLE SCHOOL ENGLISH TEACHER,The Vrukksha School,Not disclosed,"Kolkata, Mumbai, New Delhi, Hyderabad, Pune, Chennai, Bengaluru",The ideal candidate should have a strong understanding of the subject matter they are t...,19 Days Ago,management skills,team management,mathematics,presentation skills,convincing power,tutoring,teaching,problem solving
Secondary Social Teacher,Chrysalis High,Not disclosed,Bengaluru,Minimum 3 Years experience in handling Secondary gradeExperience . .,30+ Days Ago,bed,tgt,teaching english,english literature,mathematics,tutoring,teaching,training
Associate Developer,AXA Global Business Services,Not disclosed,Bengaluru,. Should perform Application Developer duties when required . Informatica / SQL server ...,30+ Days Ago,Computer science,Application support,MS SQL,Scheduling,Customer service,Business strategy,Oracle,Operations
Maths Teacher,Ace Creative Learning,2.25-3.75 Lacs PA,Bengaluru(Kengeri),Collaborate with colleagues to share best practices and improve instructional strategie...,26 Days Ago,Maths teacher,Teaching Mathematics,Mathematics,Teaching Maths,Teaching,,,
Primary teachers,Delhi Public School Whitefield,Not disclosed,Bengaluru,Educate young children at the primary school level. Develop lesson plans in subject...,26 Days Ago,Computer science,Teacher,Mathematics,Computer,Teaching,Science,,
Pre Primary Teacher & Primary Teacher,Prarthana Education Society,Not disclosed,Bengaluru,Role & responsibilities You will be responsible for all the related activities assign...,27 Days Ago,Pre Primary,Pre primary teacher,Primary teacher,Hindi Teacher,Visual arts,Teacher,Mathematics,MTT
Primary Teacher,Mdn Edify Education,1.75-4 Lacs PA,Bengaluru(Varthur +4),"Qualification: BA / MA, English, Math, Science +BEd MustWe are thrilled to inform you t...",14 Days Ago,Bed,English Language,MED,MA,English Literature,Literature,Teaching English,Mathematics
Primary and Pre primary Teachers walk in Drive,Mdn Edify Education,1.75-3.75 Lacs PA,"Ballari, Tirupati, Anantapur, Bengaluru",Greetings from Edify World School Anantapur (CBSE and IGCSE) Andhra Pradesh. We are con...,14 Days Ago,Bed,Science,Teaching,Social Studies,primary teachers,Literature,Teaching English,Assessment
Hiring Math Teacher (South India),Mdn Edify Education,2-5.5 Lacs PA,"Bangalore Rural, Bidar, Hyderabad",We are thrilled to inform you that we currently have an exciting job opportunity for th...,14 Days Ago,TGT,Teaching Mathematics,Mathematics,Cambridge,CBSE,MSP,Math,Curriculum Development
IBDP Biology & ESS Teacher,Teacher Pool,Not disclosed,Bengaluru,"Bachelor s degree in Biology, Environmental Science, or related fieldTeaching certifica...",30+ Days Ago,Interpersonal skills,Environmental science,Manager Technology,Biology,Teaching,Management,Ibdp,Interpersonal
Secondary teacher - Chemistry,The International School Bangalore (TISB),Not disclosed,Bengaluru,Qualifications: Bachelors / Masters / M.Phil. / Ph.D in relevant.A degree in Education ...,30+ Days Ago,Counselor,Mentor,Trainer,Advisor,Educator,Teaching,Education,Counselling
Secondary teacher - Biology,The International School Bangalore (TISB),Not disclosed,Bengaluru,Qualifications: Bachelors / Masters / M.Phil. / Ph.D in relevant.A degree in Education ...,30+ Days Ago,Counselor,Mentor,Trainer,Advisor,Educator,Teaching,Advisory,Mentoring
Secondary teacher - Mathematics,The International School Bangalore (TISB),Not disclosed,Bengaluru,Qualifications: Bachelors / Masters / M.Phil. / Ph.D in relevant.A degree in Education ...,30+ Days Ago,Counselor,Mentor,Trainer,Advisor,Educator,Teaching,Mentoring,Counselling
PRIMARY TEACHERS - Mathematics,The International School Bangalore (TISB),Not disclosed,Bengaluru,Qualifications: Bachelors degree in relevant subject. A degree in Education would be a ...,30+ Days Ago,Counselor,Mentor,Trainer,Advisor,Educator,Teaching,Counselling,Mentoring
Maths Teacher - Part Time - Work From Home - (5PM - 9PM),Myschoolpage,2-3.5 Lacs PA,"Bangalore/Bengaluru, Online Workfromhome",Responsibilities To provide online one to one live classes for school students from Gr...,30+ Days Ago,bed,Pgt Maths Teacher,school,mathematics,maths,english,TGT Maths Teacher,ib
Primary Teachers,Delhi World Public School (DWPS),Not disclosed,Bengaluru,Integrate technology and innovative teaching methods to enhance the learning experience. .,30+ Days Ago,bed,tgt,teaching english,mathematics,tutoring,teaching,counselling,school administration
Homeroom teachers For Primary,Trio World Academy,Not disclosed,Bengaluru,Trio world academy is looking for Homeroom teachers for Primary to join our dynamic tea...,30+ Days Ago,com,sports,mathematics,cadet activities,tutoring,academics,teaching,training
Homeroom teacher,Trio World Academy,Not disclosed,Bengaluru,Trio world academy is looking for Homeroom teacher to join our dynamic team and embark ...,30+ Days Ago,rest,sqlite,mathematics,mvp,android,kotlin,android studio,teaching
"Geography, Travel and Tourism teacher",Trio World Academy,Not disclosed,Bengaluru,"Trio world academy is looking for Geography, Travel and Tourism teacher to join our dyn...",30+ Days Ago,bed,tgt,mathematics,loyalty,teaching,history,corporate social responsibility,social science
Mathematics Teacher,Lets Unbound,Not disclosed,"Kolkata, Mumbai, New Delhi, Hyderabad, Pune, Chennai, Bengaluru","Timings based on US / India shiftsTeaching degree, or in a degree in a specialized subj...",20 Days Ago,teaching mathematics,mathematics,tutoring,teaching,geometry,calculus,teaching maths,icse
Math Teacher,Sarala Birla Academy,Not disclosed,Bengaluru,"Bachelor s or Master s degree in Mathematics, Education, or related fieldEssential Qual...",30+ Days Ago,Manager Technology,Mathematics,Monitoring,Teaching,Technology management,Teaching Maths,Management,Technology
Mathematics - Professor,Dayananda Sagar Institutions (DSI),Not disclosed,Bengaluru,"Job Description: To oversee the design and development of the overall curriculum, and d...",30+ Days Ago,Counselor,Mentor,Trainer,Advisor,Educator,Teaching,Mentoring,Counselling
Chemistry- Secondary Teacher,The International School Bangalore (TISB),Not disclosed,Bengaluru,"Planning, Teaching and Class Management Teach allocated students by planning their teac...",30+ Days Ago,Counselor,Mentor,Trainer,Advisor,Educator,Teaching,Counselling,Mentoring
Biology- Secondary Teacher,The International School Bangalore (TISB),Not disclosed,Bengaluru,"Planning, Teaching and Class Management Teach allocated students by planning their teac...",30+ Days Ago,Counselor,Mentor,Trainer,Advisor,Educator,Teaching,Mentoring,Secondary
Mathematics- Secondary Teacher,The International School Bangalore (TISB),Not disclosed,Bengaluru,"Planning, Teaching and Class Management Teach allocated students by planning their teac...",30+ Days Ago,Counselor,Mentor,Trainer,Advisor,Educator,Teaching,Mentoring,Counselling
Junior Research Associate - Consumer And Sensory Sciences,ITC,Not disclosed,Bengaluru,"Actively engage with Stakeholders [formulation teams, Brand teams] to understand the re...",30+ Days Ago,Cell culture,Claims,Microbiology,Formulation,Analytical,Cell biology,Clinical research,Junior Research Associate
Professor - Mathematics,Sambhram Institute Of Technology,Not disclosed,"Bengaluru, Bangalore",Required Professor for Mathematics,30+ Days Ago,Professor,Tutor,Teachers,Education,Trainer,Mathematics,Lecturer,Teaching
Professor - Chemistry,Sambhram Institute Of Technology,Not disclosed,"Bengaluru, Bangalore",Required Professor for Chemistry,30+ Days Ago,Professor,Tutor,Teachers,Education,Chemistry,Trainer,Lecturer,Teaching
IGCSE/IBDP-Math's Teacher @Greenwoodhigh Int'l School @ Sarjapur,Greenwood High International School,Not disclosed,Bengaluru(Sarjapur +1),Job Overview: We are looking for a highly skilled and dedicated Mathematics Teacher to ...,28 Days Ago,Mathematics,Geometry,IGCSE,Algebra,shingli,myp,Subject Matter Expertise,Ibdp
Primary Teachers - English,The Brigade School,Not disclosed,Bengaluru,The Brigade School is looking for Primary Teachers - English to join our dynamic team a...,30+ Days Ago,bed,teaching english,english literature,mathematics,professor activities,tutoring,teaching,english language
Pharma Chemistry - Professor,The Oxford Educational Institutions,Not disclosed,Bengaluru,"Experience: Minimum 6 years of Teaching / Research / Industrial Experience, (excluding ...",30+ Days Ago,Counselor,Mentor,Trainer,Advisor,Educator,Teaching,Advisory,Chemistry
PRT Teacher & Co- Teacher,Edify School Chikkabanavara,Not disclosed,Bengaluru,Edify School Chikkabanavara is looking for PRT Teacher & Co- Teacher to join our dynami...,30+ Days Ago,tgt,bed,teaching english,mathematics,tutoring,teaching,history,social science
Administration Field Teacher,Rhythms Institute of Fine Arts India,Not disclosed,Bengaluru,Rhythms Institute of Fine Arts India is looking for Administration Field Teacher to joi...,30+ Days Ago,administrative operations,vendor management,biology,administration,logistics,teaching,training,office administration
Secondary Mathematics Teacher,Chrysalis High,Not disclosed,Bengaluru,Chrysalis High is looking for Secondary Mathematics Teacher to join our dynamic team an...,30+ Days Ago,bed,mathematics,channel sales,distributor sales,tutoring,teaching,retail sales,training
Mathematics- Professor,CMR Jnanadhara Trust,Not disclosed,Bengaluru,"Qualifications are the same as that for Associate Professors. In addition, a minimum of...",30+ Days Ago,Counselor,Mentor,Trainer,Advisor,Educator,Teaching,Training,Counselling
Chemistry- Professor,CMR Jnanadhara Trust,Not disclosed,Bengaluru,"Qualifications are the same as that for Associate Professors. In addition, a minimum of...",30+ Days Ago,Counselor,Mentor,Trainer,Advisor,Educator,Teaching,Education,Mentoring
DP Mathematics Teacher,Stonehill International School,Not disclosed,Bengaluru,They must be willing to play a full part in the school?s pastoral care and extra-curric...,30+ Days Ago,Counselor,Mentor,Trainer,Advisor,Educator,Teaching,Mathematics,Mentoring
MYP Mathematics Teacher,Stonehill International School,Not disclosed,Bengaluru,They must be willing to play a full part in the school?s pastoral care and extra-curric...,30+ Days Ago,Counselor,Mentor,Trainer,Advisor,Educator,Teaching,Advisory,Myp
Math & Computer Teacher,K M Hospital,Not disclosed,Bengaluru,The ideal candidate should have a strong understanding of the subject matter they are t...,30+ Days Ago,Math & Computer Teacher - Middle School,Mathematics,Computer,Computer teaching,Teaching,,,
Social Studies Teacher,ORCHIDS THE INTERNATIONAL SCHOOL,Not disclosed,"Mumbai, Hyderabad, Pune, Chennai, Bengaluru","We invite applications from creative, enthusiastic and experienced Teachers of Science ...",30+ Days Ago,bed,tgt,teaching english,mathematics,tutoring,teaching,training,history
IDP Teacher (English & Social Science),ORCHIDS THE INTERNATIONAL SCHOOL,Not disclosed,"Mumbai, Hyderabad, Pune, Chennai, Bengaluru","We invite applications from creative, enthusiastic and experienced Teachers of Science...",30+ Days Ago,teaching english,fluent english,mathematics,content editing,presentation skills,tutoring,teaching,training
PRIMARY SCHOOL TEACHER,The International School Bangalore (TISB),Not disclosed,Bengaluru,An openness to understanding the complexities and demands of a multicultural school req...,30+ Days Ago,bed,tgt,igcse,montessori,teaching english,classroom management,mathematics,myp
Math Teacher,National Public School,Not disclosed,Bengaluru,NPS kanakpura Road is looking for Math Teacher to join our dynamic team and embark on a...,30+ Days Ago,Swimming Coach,Social science,Teaching,Mathematics,Coaching,Science,Teaching Maths,Swimming
Sports Teacher,Sharanya Narayani International School,Not disclosed,Bengaluru,Qualification: Master s in Physical Education Experience: Should have a minimu...,30+ Days Ago,physical education,igcse,sports,mathematics,yoga,badminton,exercise,teaching
Service Assistant,Domino Printech,Not disclosed,"Kochi, Hosur, Tezpur, Pune, Chennai, Bengaluru",Diploma / Graduate with Degree in Engineering/ BSc (maths / Physics) with at least 60% ...,30+ Days Ago,Construction,Automobile,digital printing,Web technologies,Coding,Customer satisfaction,Electronics,Life sciences
SME - Chemistry Video Solutions,Qasolvers,Not disclosed,"Mumbai, Delhi / NCR, Bengaluru",Prior experience in Academic Content Writing or Teaching (Preferred).,21 Days Ago,Chemistry,Tutoring,Academic Content Writing,Subject Matter Expert,Online Teaching,Academics,Subject,Teaching
SME - Mathematics ( Graduation ),Qasolvers,Not disclosed,"Mumbai, Delhi / NCR, Bengaluru",Prior experience in Academic Content Writing or Teaching (Preferred).,21 Days Ago,Mathematics,Tutoring,Academic Content Writing,Subject Matter Expert,Online Teaching,Content writing,Academic Writing,Online Tutoring
Data Review Specialist,Commissum,Not disclosed,Bengaluru,Performs other duties as assigned . Master s degree in a science-related field with 0-2...,30+ Days Ago,Chemistry,Excel,Pharma,Analytical,GLP,GMP,Windows,Application software
Patent Research Analyst/ Patent Analyst/ Regulatory Affairs,IPR Learning Institute,3-5.5 Lacs PA,"Bengaluru, Delhi / NCR, Mumbai (All Areas)","Candidate will undergo Patent Analyst Training at IPR Learning Institute, On successful...",17 Days Ago,Patent Drafting,Patents,Pharmacovigilance,Life Sciences,Patent Search,Patent Analysis,FTO,Drug
Genomic Scientist (Field Work For doing Scientific Communications),Medical Services / Hospital - Diagnostics,7-9 Lacs PA,"Ahmedabad, Bengaluru",Must to have Qualifications / Experience Criterias: . PhDin Molecular Biology / Genetic...,19 Days Ago,Cancer Genomics,Molecular Biology,Genomics,Oncology,Biology,Molecular,Science,Field
Primary Computer Educator,Tcis,Not disclosed,Bengaluru,The ideal candidate should have a strong understanding of the subject matter they are t...,19 Days Ago,computer operating,c++,mathematics,teaching,training,office assistance,excel,data entry operation
Junior Lab Technician,St Johns National Academy of Health Sciences (SJNAHS),Not disclosed,Bengaluru,Maintain laboratory equipment and ensure it is clean and in good working condition,30+ Days Ago,lab testing,pathology,quality control,software testing,blood bank,mathematics,microbiology,haematology
Laser Technician - Skin Aesthetics,Fashion Tv,Not disclosed,Bengaluru,"As a skin laser technician, your primary responsibilities would revolve around operat...",30+ Days Ago,Training,SIDE,Compliance,Patient care,Consulting,Manager Technology,Biology,Technology
Trainee - International Markets,Futures First,Not disclosed,Bengaluru,"Not required . Preferable educational streams: Commerce, Finance, Economics, Mathemati...",30+ Days Ago,Economics,Financial markets,Analytical,Finance,Commerce,Mathematics,Risk management,Statistics
Financial Market Intern,Futures First,Not disclosed,Bengaluru,"Not required . Preferable educational streams: Commerce, Finance, Economics, Mathemati...",30+ Days Ago,Financial markets,Intern,Analytical,Finance,Mathematics,Risk management,Internship,Statistics
Bioinformatician,Airvin Skills,Not disclosed,"Hybrid - Hyderabad, Chennai, Bengaluru",We are seeking a motivated Intern or Fresher to join our bioinformatics teamRecent grad...,19 Days Ago,Communicational Skills,Computer Skills,Leadership Skills,Bioinformatician,Bioinformatics,Biotechnology,Molecular Biology,RNA
Junior Quantitative Research,Quantbox Research,Not disclosed,Bengaluru,"Requirements . You possess a bachelors degree / Phd in mathematics, computer science, s...",30+ Days Ago,Computer science,C++,Quantitative research,R Programming,Machine learning,Programming,Mathematics,Research
GPSG- Data Analyst,IBM,Not disclosed,Bengaluru,"Your Role and ResponsibilitiesRoles and responsibilities:As a data analyst, you will be...",4 Days Ago,mainframes,dbms,sql,devops,agile,python,data analysis,software testing
AI/ML Computational Science Specialist,Accenture,Not disclosed,Bengaluru,Please note that this role may require you to work in rotational shiftsQualifications: ...,4 Days Ago,python,presentation skills,teaching,machine learning,artificial intelligence,language teaching,natural language processing,mathematics
Application Engr I,Honeywell,Not disclosed,"Greater Noida, Bengaluru",bachelors degree from an accredited institution in a technical discipline such as the s...,5 Days Ago,Graphics,HVAC,Customer satisfaction,Control system,Manager Technology,Mathematics,Hardware,Project execution
Industry Consultant: INDUSTRY.Life Sciences,IBM,Not disclosed,Bengaluru,Ability to communicate and influence the Business / Design teams to achieve the Busines...,6 Days Ago,project management,biotechnology,pharmaceutical,sales,life sciences,molecular biology,biology,microbiology
Data Scientist,IBM,Not disclosed,Bengaluru,Measure performance and establish new measurement systems to detect performance shifts ...,6 Days Ago,advance sql,customer analytics,python,presentation skills,marketing analytics,digital marketing,applied mathematics,mathematics
Industry Consultant: INDUSTRY.Life Sciences,IBM,Not disclosed,Bengaluru,Ability to communicate and influence the Business / Design teams to achieve the Busines...,7 Days Ago,project management,biotechnology,pharmaceutical,sales,life sciences,molecular biology,biology,microbiology
C++ Developer,Honeywell,Not disclosed,Bengaluru,Bachelor s degree from an accredited institution in a technical discipline such as the ...,6 Days Ago,C++,Change management,github,Linux,UML,Software configuration management,Software development life cycle,Data structures
Advanced Software Engr-Linux Admin,Honeywell,Not disclosed,Bengaluru,Bachelor s degree from an accredited institution in a technical discipline such as the ...,6 Days Ago,Change management,Linux,Linux Administrator,Software configuration management,Software development life cycle,Manager Technology,Mathematics,Troubleshooting
Project Manager,Syngene,Not disclosed,Bengaluru,Foster a culture of cross-functional collaboration across the project team by promoting...,7 Days Ago,Project Management,cross-functional coordination,MS Excel,Discovery Chemistry,Program management,PMBOK,clinical Development,safety assessment
QC Chemist / Formulation /api/ B.pharmacy / M.pharmacy /m.sc Chemistry,J J Consultants,6-16 Lacs PA,"Kochi, Visakhapatnam, Hyderabad, Chennai, Bengaluru, Mumbai (All Areas)","Well Knowledge Handling of HPLC, GC, UV, FT-IR and Wet Analysis, Documentation for Q.C",9 Days Ago,Wet Analysis,Quality Control,Formulation,QC,Control,Chemistry,Analysis,Quality
Junior Research Fellow-SERB m6 Autism Project,St. Johns Research Institute,Not disclosed,Bengaluru,Preferred Qualifications: Masters in any area under biology or life sciences discipline...,30+ Days Ago,Cell culture,Business development management,Data analysis,Head Business Development,Junior Research Fellow,Life sciences,Research,Management
Trained Special Educator,Delhi World Public School (DWPS),Not disclosed,Bengaluru,Develop and implement individualized education plans (IEPs) for students with special...,30+ Days Ago,bed,clinical psychology,behavioural training,mathematics,mr,therapy,tutoring,teaching
Internship For students,Wave Card,Not disclosed,"Kolkata, Mumbai, New Delhi, Hyderabad, Pune, Chennai, Bengaluru",this is a internship for students you will get internship certificate and experience wh...,20 Days Ago,communication skills written,mathematics,written communication,writing,leadership skills,presentation skills,teaching,problem solving
Corporate Actuarial Analyst,Actuators Educational Institute,Not disclosed,Bengaluru,Requirements 0-3 years of experience in Actuarial or Operational tasks. Progress ...,21 Days Ago,Auditor,Reinsurance,Data modeling,Investigation,Actuarial,Mathematics,Actuarial Analyst,Operations
Molecular Parasitology lab,Institute Of Bioinformatics And Applied Biotechnology,Not disclosed,Bengaluru,"As a Molecular Parasitology Lab Researcher, you will contribute to cutting-edge resea...",30+ Days Ago,Cell culture,Data analysis,Gel electrophoresis,Data collection,Instrumentation,Molecular biology techniques,Research,Molecular biology
Chemist - M . Sc Chemistry,Iadfac Laboratory,Not disclosed,Bengaluru,IADFAC LABORATORIES PRIVATE LIMITED is looking for Chemist - M . Sc Chemistry to join o...,30+ Days Ago,Chemistry,SC,M,,,,,
Data Review Specialist,Eurofins,Not disclosed,Bengaluru,"Applies GMP/GLP in all areas of responsibility, as appropriate Demonstrate and promo...",30+ Days Ago,Chemistry,Excel,Pharma,Analytical,GLP,GMP,Windows,Application software
Respiratory Therapist - Trainee Critical Care,Aster Medcity,Not disclosed,"Kolkata, Mumbai, New Delhi, Hyderabad, Pune, Chennai, Bengaluru","Complies with federal, state, and local legal and certification requirements by studyin...",30+ Days Ago,chemistry,behavioural training,administration,therapy,training management,yoga,exercise,nursing
Mathemagician (aka Maths Educator),Refining Skills Academy,Not disclosed,Bengaluru,. We re seeking graduates and post-graduates who have recently emerged from their magic...,30+ Days Ago,Loop,Usage,Management,Educator,Teaching,Mathematics,Education,
Principal Scientist (Biotransformation),Primohunt Corporate,Not disclosed,Bengaluru,Must have MTech / MSc in Biotechnology / Biochemistry / Chemistry. Functional Responsib...,30+ Days Ago,Basic,Biotechnology,Data analysis,Chemistry,Literature,MIN,Biochemistry,Troubleshooting
Quant Signals External Contributors,Qube Research Technologies,Not disclosed,"Kolkata, Mumbai, New Delhi, Hyderabad, Pune, Chennai, Bengaluru","To create high quality predictive signals . By leveraging your existing experience, sig...",30+ Days Ago,team management,mathematics,incident management,invoice processing,change management,invoice verification,vendor reconciliation,Invoicing
JR./ASS.CHEMIST ( QUALITY CONTROL),Rain Calcining Ltd.,Not disclosed,"Kolkata, Mumbai, New Delhi, Hyderabad, Pune, Chennai, Bengaluru",Manage the shift activities . Bachelor of Science ( Chemistry) . Analytical skills .,30+ Days Ago,Analytical skills,Administration,Basic,Chemistry,Inspection,GPC,Chemist Quality Control,Management
Artificial Intelligence Researcher - Freshers,Bigspire Software,Not disclosed,Bengaluru,Artificial Intelligence Researcher - Freshers Skill Sets: Should have a good communicat...,30+ Days Ago,Computer science,Analytical skills,Economics,Artificial Intelligence,Business management,Mathematics,Statistics,Intelligence
Digital Marketing - Freshers,Bigspire Software,Not disclosed,Bengaluru,Digital Marketing - Freshers. Qualifications: Bachelor or Master degree in Business Man...,30+ Days Ago,Computer science,Social media marketing,Economics,Business management,Mathematics,Digital marketing,Statistics,Search engine optimization
Research Professional,Institute Of Bioinformatics And Applied Biotechnology,Not disclosed,Bengaluru,Applications are invited for research positions (Project Assistant (PA)/Junior Research...,30+ Days Ago,Cell culture,PDF,Zoology,Genomics,Cell biology,Genetics,Biochemistry,Life sciences
Junior Research Fellow SERB- m6Autism Project,St. Johns Research Institute,Not disclosed,Bengaluru,Preferred Qualifications: Masters in any area under biology or life sciences discipline...,30+ Days Ago,Cell culture,Business development management,Head Business Development,Literature,Junior Research Fellow,Life sciences,Research,Management
Senior Analyst,Oncofocus Solutions,Not disclosed,Bengaluru,. We are expanding our Competitive Intelligence team and are looking for someone who ha...,30+ Days Ago,Analytical skills,Analyst,Statistical analysis,clinical development,Healthcare,Competitive intelligence,Biology,MS Office
Veterinary Pathologist,Cessna Lifeline,Not disclosed,"Mumbai, Navi Mumbai, Gurugram, Bengaluru",Minimum two years of experience after finishing the Master s Degree . Effective communi...,30+ Days Ago,DNA extraction,QC,B2B,Compliance,Patient care,Molecular biology techniques,Biochemistry,Veterinary
Engineer Floor Coating,Permaweld,Not disclosed,"Mumbai, Bengaluru",We are looking for a man power from Epoxy floor coating background for Bengalore and ...,30+ Days Ago,flooring,coating,pigments,production,adhesives,epoxy,construction chemicals,polymer chemistry
"Senior Associate - Global Mobility, CSS HR",Hitachi Energy,Not disclosed,Bengaluru,Job Schedule: Full timeProvides mobility support throughout duration of international a...,Just Now,CSS,Process mapping,Performance management,Payroll management,HR,Business strategy,Subject Matter Expert,Japanese
Associate Manager Business Process Solutions,DXC Technology,Not disclosed,Bengaluru,Should be able to communicate effectively. Proof Reading : Candidate should be efficien...,1 Day Ago,Business process,Administration,Analytical,Social media,Incident management,Issue resolution,Subject Matter Expert,Proof reading
Associate Medical Data Review Manager,IQVIA,Not disclosed,Bengaluru,Job Title - Associate Medical Data Review ManagerLocation - Bangalore Work Mode - Hybr...,1 Day Ago,Clinical Practice,Clinical Research,Medical Date Review,Clinical Trails,Research,Clinical trials,Medical,Management
Tech Delivery Subject Matter Expert,Accenture,Not disclosed,Bengaluru,Minimum 5 year(s) of experience is required. Educational Qualification : 15 years full ...,1 Day Ago,Adobe Experience Manager,css,web technologies,subject matter expertise,research analysis,web development,html,javascript
Tech Delivery Subject Matter Expert,Accenture,Not disclosed,Bengaluru,Minimum 12 year(s) of experience is required. Educational Qualification : 15 years full...,1 Day Ago,risk management,fscm,presentation skills,sap trm,requirement analysis,sap fico implementation,project management,accounts payable
Tech Delivery Subject Matter Expert,Accenture,Not disclosed,Bengaluru,Minimum 5 year(s) of experience is required. Educational Qualification : 15 years full ...,1 Day Ago,microsoft azure,sme,sap successfactors recruiting,sap success factor,hr processes,abap-hr,sf ec,sap hr
Sr Associate Engineer Semiconductor Manufacturing,Globalfoundries,Not disclosed,Bengaluru,This position is for an Associate Eng in GlobalFoundries India center at Ban...,11 Days Ago,Fabrication,Root cause analysis,Statistical process control,Basic,Semiconductor,SPC,Electronics,Troubleshooting
Subject Matter Expert (SME),Authenu,Not disclosed,Bengaluru,"In the advent to provide fresh and relevant content to the clients, subject matter expe...",30+ Days Ago,Cloud computing,Chemistry,Academic Research,Electronics,Mathematics,Mechanical engineering,Teaching Faculty,Cloud
High School Maths Teacher,N K Consultants,3.5-5 Lacs PA,Bengaluru(Jalahalli +2),Bachelor's or Master's degree in Mathematics. Bachelor of Education is mandatory. Exper...,28 Days Ago,Strong subject knowledge,Effective Communication,PGT Maths,Differentiated Instructions,Problem Solving Skills,Teaching Methodologies,Problem solving,Subject
Research Associate,Credora,Not disclosed,Bengaluru,"M.Sc (Biotechnology, Molecular biology, Molecular medicine) with minimum two years of r...",30+ Days Ago,Cell culture,Biotechnology,Chemistry,Molecular biology techniques,Research Associate,PCR,Molecular biology,Research
Software Engineering Specialist - Sustainability & ESG Reporting,FabHotels,Not disclosed,"Pune, Bengaluru","Have a Bachelors Degree in Computer Science or STEM Majors (Science, Technology, Engine...",2 Days Ago,Manual testing,Linux,Agile,Engineering Manager,microsoft,Risk management,infrastructure services,Analytics
Data Engineering Specialist - Sustainability & ESG Reporting,FabHotels,Not disclosed,"Pune, Bengaluru","Prior experience in an agile environment, or introductory training on Lean / Agile is a...",2 Days Ago,Manual testing,Agile,Engineering Manager,Data quality,Risk management,Distribution system,Analytics,Monitoring
Customer Success Executive (Freshers/Interns),Netcore Cloud,3.5-5 Lacs PA,"Gurugram, Bengaluru","Internship experience in digital marketing, customer centric role is a plusEnsure custo...",1 Day Ago,Customer Relationship,Customer Retention,Churn Management,Upsell,Cross Selling,Retention,Selling,Customer focus
Chemistry Analyst,IIPTA,3-5 Lacs PA,"Hyderabad, Bengaluru, Delhi / NCR, Mumbai (All Areas)",Patent Searching and Analysis The candidate will undergo a self-financed job-oriented p...,20 Days Ago,Polymer Chemistry,Clinical Operations,Writing Chemistry,Biochemistry,Organic Chemistry,Marketing Pharma,Research Analysis,Lab Clinical
"Production, QC & QA Trainee",Lake Chemicals,1.5-1.75 Lacs PA,"Hosur, Bengaluru(Anekal +3)","We are looking for fresh graduates with BSc/MSc Chemistry, Diploma/B. Tech Chemical for...",30+ Days Ago,Production,Fresher,Quality Assurance,Chemical Engineering,Quality Control,Chemistry,Pharmaceutical Production,Api Production
S&C Global Network - AI - Life Sciences -Data Science Sr. Manager,Accenture,Not disclosed,Bengaluru,"Bachelors or Masters degree in Statistics, Data Science, Applied Mathematics, Business ...",7 Days Ago,hypothesis testing,marketing,data science,predictive modeling,life sciences,mathematics,business solutions,time series
Team Leader - Computational Chemistry,Jubilant Enpro (jubilant),Not disclosed,Bengaluru,Possess experience in most Comp Chem methodologies (structure- and ligand-based approac...,8 Days Ago,Procurement,Computational chemistry,Medicinal chemistry,Networking,Operations,Monitoring,Team,Leadership
Open Source AI Library Developer,IBM,Not disclosed,Bengaluru,"While the target architecture of this work will be the IBM POWER architecture, experien...",8 Days Ago,tracing,git,computer architecture,linux,debugging,rest,python,c++
S&C Global Network - AI - Telecom Analytics - Consultant,Accenture,Not disclosed,Bengaluru,Entity:- Accenture Strategy & ConsultingTeam:- Global Network - Data & AIPractice:- Com...,8 Days Ago,mathematics,data mining,data science,telco,statistics,switching,cnn,python
AI/ML Computational Science Analyst,Accenture,Not disclosed,Bengaluru,Please note that this role may require you to work in rotational shifts Qualifications ...,11 Days Ago,microsoft power bi,python,sql server,sql,tableau,data analysis,data analytics,ssas
AI/ML Computational Science Sr Analyst,Accenture,Not disclosed,Bengaluru,Skill required: Data Scientist - Data ScienceDesignation: Senior AnalystQualifications:...,11 Days Ago,neural networks,teaching,sql,data science,computer vision,data analysis,data analytics,mathematics
Engineering Services Practitioner,Accenture,Not disclosed,Bengaluru,"Work across structural and stress design, qualification, configuration and technical ma...",11 Days Ago,financial analysis,company law,accounting,change management,finance,project management,data analysis,mathematics
Data Scientist,Flipkart,Not disclosed,Bengaluru,Build Pricing Machine Learning Products. To succeed in this role you should have the fo...,13 Days Ago,Machine Learning,Mathematical Optimization,Mathematical Modeling,Statistical Modeling,Data Mining,Modeling,Statistics,Machine
S&C Global Network - AI - Telecom Analytics - Consultant,Accenture,Not disclosed,Bengaluru,Overall 5+ years of experience in Data Science & at least 2 years in Telecom Analytics ...,14 Days Ago,mathematics,data mining,data science,telco,statistics,switching,cnn,python
Engineering Services Practitioner,Accenture,Not disclosed,Bengaluru,"Work across structural and stress design, qualification, configuration and technical ma...",15 Days Ago,financial analysis,company law,accounting,change management,finance,project management,data analysis,mathematics
Subject Matter Expert (Pysics_Maths_Bio),Rarr Technologies,Not disclosed,"Kolkata, Mumbai, New Delhi, Hyderabad, Pune, Chennai, Bengaluru","One of the client looking for Subject Matter Expert (Bio, Math or Phy) to join our dyn...",1 Day Ago,Curriculum development,Biology,Subject Matter Expert,Research,Proof reading,Development,Subject,Subject matter expertise
Tech Delivery Subject Matter Expert,Accenture,Not disclosed,Bengaluru,Project Role :Tech Delivery Subject Matter ExpertProject Role Description :Drive innova...,4 Days Ago,sap,sme,sap success factor,successfactors,troubleshooting,hr generalist activities,hrsd,hr operations
Tech Delivery Subject Matter Expert,Accenture,Not disclosed,Bengaluru,Project Role :Tech Delivery Subject Matter ExpertProject Role Description :Drive innova...,4 Days Ago,sap,system testing,employee central,successfactors,hr processes,sme,data migration,human resource management
Tech Delivery Subject Matter Expert,Accenture,Not disclosed,Bengaluru,Project Role :Tech Delivery Subject Matter ExpertProject Role Description :Drive innova...,4 Days Ago,sap,data migration,employee central,successfactors,hr processes,system testing,sme,human resource management
Tech Delivery Subject Matter Expert,Accenture,Not disclosed,Bengaluru,Project Role :Tech Delivery Subject Matter ExpertProject Role Description :Drive innova...,4 Days Ago,sap,employee central,sap success factor,successfactors,hr processes,hr generalist activities,sme,human resource management
Tech Delivery Subject Matter Expert,Accenture,Not disclosed,Bengaluru,Project Role :Tech Delivery Subject Matter ExpertProject Role Description :Drive innova...,5 Days Ago,sap,successfactors,payroll processing,regulations,payroll,hr generalist activities,ess,sme
Tech Delivery Subject Matter Expert,Accenture,Not disclosed,Bengaluru,5 year(s) of experience is required. Educational Qualification : 15 years full time edu...,6 Days Ago,sap,sme,sap success factor,hr processes,successfactors compensation,compensation management,hris,hr policies
Service Delivery Ops Associate Manager,Accenture,Not disclosed,Bengaluru,Qualifications: Any Graduation Any Graduation Skill required: Compensation & Benefits -...,7 Days Ago,operations management,process design,compensation administration,compensation,service delivery management,service management,data security,program management
Tech Delivery Subject Matter Expert,Accenture,Not disclosed,Bengaluru,Project Role :Tech Delivery Subject Matter ExpertProject Role Description :Drive innova...,7 Days Ago,system testing,data migration,sap successfactors recruiting,recruitment,hr processes,microsoft azure,sme,sap success factor
Customer Service Associate,Accenture,Not disclosed,Bengaluru,Bachelors degree Experience in the US retirement industry mandatory Experience in Leadi...,7 Days Ago,team management,customer service,sales,marketing,client support,operations management,project management,dns
Associate Manager Proposal Mgmt (Discovery Biology),Syngene,Not disclosed,Bengaluru,"Educational Qualification: . MTech / Masters degree in Biotechnology or Life Sciences, ...",12 Days Ago,high-quality proposals Discovery Biology Business Unit.,RFX,Proposal Writing,RFP,Writing,Discoverer,Proposal management,Proposals
ASSOCIATE TRAINER,Ishanya India Foundation,Not disclosed,Bengaluru,". Graduate in Education, Special Education, Psychology, Counseling, or Social Work with...",30+ Days Ago,Training,building project,Skill development,Organizational development,Psychology,Mentor,Subject Matter Expert,Psychiatry
Programme Associate,Community Business,Not disclosed,"Kolkata, Mumbai, New Delhi, Hyderabad, Pune, Chennai, Bengaluru",Candidates should possess the following qualifications and attributes: . Degree holder ...,30+ Days Ago,Program Associate,Administration,Networking,Event management,Project management,Consulting,Public speaking,Subject matter expertise
Subject Matter Expert Interns - Signal Processing,Skyfi Education Labs Pvt. Ltd,Not disclosed,Bengaluru,This internship involves you to closely work with our courses department and do RD of...,30+ Days Ago,Training,Learning,Engineering,Quality,technology,Signal Processing,Processing,Subject
Research Associate - Investments,Epifi Technologies,Not disclosed,Bengaluru,". Why you should work with us: We are committed to always doing the right thing, both f...",30+ Days Ago,Financial markets,Investment research,Analytical,Mutual funds,Asset Allocation,Financial planning,Manager Technology,Equity
Manager / Asst. Manager - Marketing Insights and Operations,Zeta Global,Not disclosed,Bengaluru,"Ability to spot issues in raw or processed data, and expeditiously implement correction...",30+ Days Ago,Data analysis,Automation,Backend,Campaign management,Process improvement,Web development,Project planning,Oracle
Research Technician/Research Assistant,Inventive Seeds,Not disclosed,Bengaluru,"Qualifications: . Bachelors degree in a relevant field (such as Biology, Chemistry, Phy...",30+ Days Ago,Agronomy,Research,Assistance,,,,,
Call For a Teaching Assistant,Institute of Public Health Bengaluru (IPH),Not disclosed,Bengaluru,Job Description Coordination of communication between the IT team and the Sub...,30+ Days Ago,Training,Supervisor,PDF,Trainee Supervisor,Research,Public health,Teaching,Supervision
Senior Assistant : Technical Support,Inncon,Not disclosed,"Noida, Chennai, Bengaluru","Skills: . Good communication, Basic Computer knowledge, Good Reasoning, Aptitude, QT . ...",30+ Days Ago,IT services,Compliance,Consulting,IT support,Issue resolution,Management,Troubleshooting,SLAS
Assistant Manager Coding - 2,Agilon Health,Not disclosed,Bengaluru,"Minimum Experience Minimum of High School Diploma, Associates Degree preferred . Two of...",30+ Days Ago,HCPCS,Performance management,Diagnostics,Coding,Medical coding,Analytical,CMS,Healthcare
Account Receivable Fresher Vacany @ Bangalore Location,AGS Health,Not disclosed,Bengaluru,"Shift Timing : 9:00 AM to 5:00 PM, Should be flexible for both the shiftRequired Skills...",15 Days Ago,International Non Voice,Entry Level,Good Communication In English,Non Voice Process,Typing Skills,Accounting,Process,International
Senior Software Engineer - C,Capgemini,Not disclosed,"Chennai, Bengaluru",Location: PAN India(Preferred Bengaluru) . Mainframe Assembler experience,25 Days Ago,c,sql,java,software engineering,html,c++,python,mathematics
Clinical Data Management,Centric Edu,4.25-6 Lacs PA,"Hyderabad, Pune, Bengaluru",Bachelors degree in a life sciences or related field Ensure compliance with Good Clinic...,5 Days Ago,Clinical Data Management,Biotechnology,Regulations,Clinical Research,ICH-GCP Guidelines,Medical Writing,Medical Affairs,Pharmacovigilance
Quality Auditing Specialist,Accenture,Not disclosed,Bengaluru,Qualifications: Any Graduation Qualifications Any Graduation Skill required: Trust & Sa...,15 Days Ago,mathematics,presentation skills,quality concepts,quality management,quality tools,six sigma,quality audit,quality control
Technology Educator,Accenture,Not disclosed,Bengaluru,Contribute to course content development and creation of questions for certification an...,20 Days Ago,rest,software development,hibernate,spring,j2ee,soft skills,mathematics,teaching
Advanced Software Engineer,Honeywell,Not disclosed,"Greater Noida, Bengaluru",Integration . Certification . Test . Bachelor s degree from an accredited institution i...,21 Days Ago,Analytical skills,software architecture,Change management,Coding,Software configuration management,Software development life cycle,Manager Technology,Customer support
Engrg Specialist-Battery Chemistry/Modelling/Analysis,Caterpillar Inc,Not disclosed,Bengaluru,As an Engineering Specialist for Electrification Energy Solutions divisio...,30+ Days Ago,Electrical engineering,Simulation,Amesim,Analytical,Control system,thermal,Technical leadership,Simulink
Medicinal Chemistry Scientist,Syngene,Not disclosed,Bengaluru,Core Purpose of the Role:Personnel handling this profile will be responsible for condu...,1 Day Ago,Medicinal Chemistry,Drug Discovery,Organic Synthesis,mutli-step synthesis,Organic Chemistry,Synthesis,Drug,Chemistry
"Scientist II, Protein Biology",Thermo Fisher Scientific,Not disclosed,Bengaluru,"The antibody team is involved in engineering and development of antibodies, with a deep...",7 Days Ago,Protein Biology,molecular biology,technical support,cell biology,genetics,panel designing,life sciences,flow cytometry
Environmental / Regulatory Technician,Brunel,Not disclosed,Bengaluru,Person with science chemistry background preferably worked in the field of regulatory a...,30+ Days Ago,Chemistry,SAP,MS Office,Regulatory affairs,Sharepoint,Salesforce,Microsoft,Environment
Post Doctoral Fellow - Health & Hygiene,ITC,Not disclosed,Bengaluru,1. Establish efficacy testing and mechanism of action for antimicrobial actives an...,30+ Days Ago,Microbiology,Medical microbiology,Healthcare,Molecular biology techniques,Life sciences,Epidemiology,Testing,CRM
Data Scientist Analytics,Coursera,Not disclosed,"Kolkata, Mumbai, New Delhi, Hyderabad, Pune, Chennai, Bengaluru","It is now one of the largest online learning platforms in the world, with 148 million r...",19 Days Ago,applied mathematics,functional,data analysis,statistical modeling,troubleshooting,statistical inference,data visualization,scripting languages
Software Engineer,Tech Mahindra,Not disclosed,Bengaluru,Tech mahindra Ltd is looking for Software Engineer to join our dynamic team and embark ...,30+ Days Ago,Data analysis,Shaping,Standard operating procedures,Software development life cycle,Programming,Mathematics,Management,Statistics
Biology Faculty,Aditya P.U. College,Not disclosed,Bengaluru,Key responsibilities of the job include: ? providing support to children in reading and...,30+ Days Ago,Counselor,Mentor,Trainer,Advisor,Educator,Teaching,Advisory,Mentoring
Chemistry Faculty,Aditya P.U. College,Not disclosed,Bengaluru,Key responsibilities of the job include: ? providing support to children in reading and...,30+ Days Ago,Counselor,Mentor,Trainer,Advisor,Educator,Teaching,Advisory,Chemistry
Maths Faculty,Aditya P.U. College,Not disclosed,Bengaluru,Key responsibilities of the job include: ? providing support to children in reading and...,30+ Days Ago,Counselor,Mentor,Trainer,Advisor,Educator,Teaching,Mathematics,Mentoring
Analyst,Merck,Not disclosed,Bengaluru,Position- Analyst Job Location- Electronic city Bangalore Shift -Rotational Screening f...,28 Days Ago,Biotechnology,Analyst,Backend,Chemistry,SAP,Microbiology,Biochemistry,Life sciences
Senior Scientist I,Merck,Not disclosed,Bengaluru,Demonstrate and maintain good communication with the stakeholders . Maintain laboratory...,29 Days Ago,Organic chemistry,Statistical process control,Interdepartmental coordination,SAP,Manufacturing process,Analytical,Process improvement,Cost estimation
Solution Scientist,Merck,Not disclosed,Bengaluru,Generate leads for sales where possible . Job RequirementsPhD (preferred) or Master in ...,29 Days Ago,Organic chemistry,Interpersonal skills,Time management,Analytical,sales enablement,Workflow,Sales process,SCM
Analyst / Senior Analyst - Japan Regulatory Support,Merck,Not disclosed,Bengaluru,ESSENTIAL JOB FUNCTIONS: . Japan screening process SBCT tool testing Support for projec...,30+ Days Ago,Analyst,Chemistry,Chemical,Compliance,SAP EHS,Analytical,Process improvement,IT skills
SAP ILM Archiving Expert,Nokia,Not disclosed,Bengaluru,Bachelor or master degree with Minimum 10 years of SAP archiving experience with differ...,1 Day Ago,e2e,sap archiving,sap,ilm,abap,information technology,sap security,patching
Tech Delivery Subject Matter Expert,Accenture,Not disclosed,Bengaluru,Project Role :Tech Delivery Subject Matter ExpertProject Role Description :Drive innova...,7 Days Ago,sap,margin analysis,sap co management,management accounting,requirement analysis,sap fi,presentation skills,costing
Tech Delivery Subject Matter Expert,Accenture,Not disclosed,Bengaluru,Minimum 5 year(s) of experience is required. Educational Qualification : 15 years full ...,7 Days Ago,sap,successfactors,workforce analytics,machine learning algorithms,statistics,python,data analysis,natural language processing
Tech Delivery Subject Matter Expert,Accenture,Not disclosed,Bengaluru,Minimum 5 year(s) of experience is required. Educational Qualification : 15 years full ...,7 Days Ago,microsoft azure,sme,sap successfactors recruiting,sap success factor,hr processes,abap-hr,sf ec,sap hr
Tech Delivery Subject Matter Expert,Accenture,Not disclosed,Bengaluru,Minimum 5 year(s) of experience is required. Educational Qualification : 15 years full ...,7 Days Ago,sap,sap success factor,employee central,successfactors,payroll,hr generalist activities,data analysis,ess
Tech Delivery Subject Matter Expert,Accenture,Not disclosed,Bengaluru,Project Role :Tech Delivery Subject Matter ExpertProject Role Description :Drive innova...,7 Days Ago,sap,employee central,successfactors,hr processes,sap hcm,hr generalist activities,sme,human resource management
CMS Senior Associate - Operate - ServiceNow Automation Engineer,Pricewaterhouse Coopers Private Limited,Not disclosed,"Hyderabad, Bengaluru",Line of Service Advisory Industry/Sector Not Applicable Specialism Managed Service...,9 Days Ago,Automation,Leadership development,Managed services,Project management,Billing,Agile,Budgeting,Operations
TFL - Trade Associate,Deutsche Bank,Not disclosed,Bengaluru,Flexible to work in late night shiftsCDCS Certification is an added advantage Your skil...,11 Days Ago,TFL,UCP,URC,Process Service Delivery,ICC,CDCS,Service delivery,Cdc
HR Service Delivery Associate,Accenture,Not disclosed,Bengaluru,Skill required: Talent Acquisition - Document CollectionDesignation: HR Service Deliver...,11 Days Ago,workday,customer service,networking,talent acquisition,service delivery,joining formalities,screening,hr generalist activities
Pursuit Writing Associate Manager,Accenture,Not disclosed,Bengaluru,Contribute to and participate in the pursuit writing practice community Qualifications ...,11 Days Ago,proposal writing,sales,editing,story writing,internet,project management,content editing,teaching
Tech Delivery Subject Matter Expert,Accenture,Not disclosed,Bengaluru,"Use deep technical expertise, business acumen and fluid communication skills, work dire...",11 Days Ago,sap,project management process,sap successfactors recruiting,hr processes,information systems,project management,software testing,subject matter expertise
KYC Associate,Deutsche Bank,Not disclosed,Bengaluru,"Works with stakeholders to understand their needs, analyse problems, and capture their ...",12 Days Ago,KYC,project management,Alteryx,business analysis,Tableau,JIRA,ETL,Python
Proposal Associate,Jacobs,Not disclosed,Bengaluru,and be able to coordinate the work winning and creative process of others as part of an...,11 Days Ago,due diligence,iso,sharepoint,sales process,business development,market research,knowledge management,research
Senior Associate-Design Engineering,Tesco,Not disclosed,Bengaluru(Whitefield),Job Description- Driving and implementing Continuous Improvement Projects and innovati...,12 Days Ago,HVAC,AutoCAD,REVIT,Refrigeration,Equipment Design,Mechanical Design,Design Engineering,Design
Tech Delivery Subject Matter Expert,Accenture,Not disclosed,Bengaluru,Project Role :Tech Delivery Subject Matter ExpertProject Role Description :Drive innova...,15 Days Ago,subject matter expertise,business analysis,quality assurance,computer system validation,life sciences,pq,project management,oq
Senior Associate Drafting and Prosecution (Chemistry),Coreip Legal Services,Not disclosed,Bengaluru,Willingness to work extended hours to meet client requirements. COMPETENCIES: . QUALIFI...,5 Days Ago,chemistry,management skills,problem solving,client management,autocad,patent search,research,pdms
Chemistry/ Mathematics Content Developer,Factor Street,Not disclosed,Bengaluru,Factor Street is looking for Chemistry/ Mathematics Content Developer to join our dynam...,30+ Days Ago,Chemistry,Mathematics,Development,Content,Content development,,,
Advanced Hardware Engr,Honeywell,Not disclosed,Bengaluru,"Join a team recognized for leadership, innovation and diversity Advanced Hardware Eng...",Just Now,EMI,Assurance,EMC design,Simulation,Aerospace,Project management,Ansys,Power electronics
Solutions Architect,Philips,Not disclosed,Bengaluru,Important Criteria #1 : Bachelor s Degree in IT / Computer Science or other related fie...,Just Now,Procurement,Data management,Project management,Consulting,Healthcare,HTML,Portfolio management,Operations
Lead Business Execution Administrator,Wells Fargo,Not disclosed,Bengaluru,Flexible with rotational shift. . Candidates applying to job openings posted in Canada:...,Just Now,remediation,Strategic planning,Customer support,Agile methodology,Subject matter expertise,JIRA,Operations,MS Office Word
Accountant (Management Reporting Analyst),Caterpillar Inc,Not disclosed,Bengaluru,"Proven experience in financial reporting, analysis, budgeting, intercompany and month e...",Just Now,Business process,Change management,Automation,Reporting Analyst,Financial reporting,Analytical,Trend analysis,Wellness
Unit Manager - Team Leader,Mphasis,Not disclosed,"Pune, Bengaluru",ATL/TL Originations - on PaperEssential Job Functions:Ensure the SLA's and KPI Targets...,Just Now,Mortgage,Origination,Team Management,KPI,SLA,Team Leading,Process Improvement,KRA
NMP Customer Solutions Architect,Nokia,Not disclosed,Bengaluru,Typically requires 12+ years extensive relevant experience and / or a graduate / postgr...,1 Day Ago,project management,team management,production,team leading,line management,operations management,quality control,program management
SW Architect,Nokia,Not disclosed,Bengaluru,Typically requires 5-8 years extensive relevant experience and / or a graduate / postgr...,1 Day Ago,software development,software testing,software configuration management,line management,firmware,project management,c,team management
Software Architect,Nokia,Not disclosed,Bengaluru,Typically requires 5-8 years extensive relevant experience and / or a graduate / postgr...,1 Day Ago,project management,r,line management,construction,agile,risk management,team management,production
Applied R&D Engineer 5 - SW,Nokia,Not disclosed,Bengaluru,Experience with containers (Docker) and HELM charts. Previous experience in Customer De...,1 Day Ago,container management,docker,line management,cfx,gitlab,container,continuous integration,kubernetes
Senior Technical Specialist,Nokia,Not disclosed,Bengaluru,Experience in developing web applications using at least one popular web framework (Spr...,1 Day Ago,sql,line management,software development,relational databases,orm tool,sonet,jee,hibernate
SAP Solution Architect Order To Cash/SD,Nokia,Not disclosed,Bengaluru,Typically requires 5-8 years extensive relevant experience and / or a graduate / postgr...,1 Day Ago,eco,line management,sales bill,data sharing,customer data management,lsmw,web services,ecc
R&D Architect,Nokia,Not disclosed,Bengaluru,Typically requires 8-12 years extensive relevant experience and / or a graduate / postg...,1 Day Ago,project management,team management,r,team leading,line management,c#,operations management,production
Solution Architect: Data Platforms,IBM,Not disclosed,Bengaluru,"In this role, you'll work in one of our IBM Consulting Client Innovation Centres (Deliv...",1 Day Ago,sales support,azure cloud,design patterns,data ingestion,big data,hive,cloudera,snowflake
Industry Consultant: Industry.Banking,IBM,Not disclosed,Bengaluru,"BE / B Tech in any stream, MSc (Computer Science / IT) / MCA, with Minimum 5-8 years of...",1 Day Ago,software development,written and oral communication,root cause analysis,problem analysis,calypso,oracle,investment banking,manual testing
Manager - Transitions and Transformations,IBM,Not disclosed,Bengaluru,"Project Management: Strong project management skills, including planning, execution, an...",1 Day Ago,project management,team management,management reporting,change management,agile,program management,sales,pmo
Supply Chain Logistics Product Owner,Kimberly-Clark Corporation,Not disclosed,Bengaluru,". Bachelors degree, ideally in IT or a business discipline Ability to collaborate close...",1 Day Ago,Supply chain,Career development,SAP,Technical writing,Analytical,Relationship building,Agile,Scrum
Senior Risk Analytics Consultant - Fraud Risk Strategy,Wells Fargo,Not disclosed,Bengaluru,Shift Timings: 1:30 PM to 10:30 PM . Required Qualifications: . 4+ years of Risk Analyt...,1 Day Ago,Risk analytics,Business analysis,Reconciliation,Oracle,Risk management,Econometrics,Forecasting,Macros
Advance Lead Engineer - Fleet Management,GE Aerospace,Not disclosed,Bengaluru,"Qualifications / Requirements: . Bachelors Degree in Engineering, Statistics, Machine L...",1 Day Ago,Interpersonal skills,Data management,Analytical,Machine learning,Agile,MATLAB,Statistics,Analytics
Senior Software Engineer,GE Aerospace,Not disclosed,Bengaluru,Qualifications / Requirements . Bachelors Degree in Computer Science or STEM Majors (Sc...,1 Day Ago,Computer science,Automation,Aerospace,Consulting,Agile,Data structures,Business strategy,Risk management
Research Engineer - Combustion Dynamics,GE Aerospace,Not disclosed,Bengaluru,"Fundamental knowledge in gas turbine combustion, evidenced by advanced graduate coursew...",1 Day Ago,CFD,Thermodynamics,Aviation,Aerospace,Analytical,CAD,Aerodynamics,Gas turbine
Sr Software Engineer,GE Aerospace,Not disclosed,Bengaluru,Qualifications / Requirements: . Bachelors Degree in Computer Science or STEM Majors (S...,1 Day Ago,Unix,Computer science,Linux,Agile,Manager Technology,Data structures,Scrum,Windows
Lead Engineer - Combustion Dynamics,GE Aerospace,Not disclosed,Bengaluru,"Fundamental knowledge in gas turbine combustion, evidenced by advanced graduate coursew...",1 Day Ago,CFD,Thermodynamics,Aviation,Aerospace,Analytical,CAD,Aerodynamics,Gas turbine
Senior ITC Specialist,GE Aerospace,Not disclosed,"Kolkata, Mumbai, New Delhi, Hyderabad, Pune, Chennai, Bengaluru","Ensure compliance for all aspects of U.S. Government authorizations, exemptions, and ex...",1 Day Ago,Compliance,Aerospace,trade compliance,Manager Technology,Healthcare,Customer relationship,Subject Matter Expert,Management
Deputy Area Manager - SME Collections,Bajaj Finserv Ltd.,Not disclosed,"Mumbai, Ghaziabad, New Delhi, Hyderabad, Chennai, Ahmedabad, Bengaluru",Constant monitoring of MIS and ensuring smooth updating of SOA s. Required Qualificatio...,1 Day Ago,SOA,People management skills,MIS,Monitoring,Management skills,Management,Collections,SME
Consumer Modeling Development Center - Lead,Wells Fargo,Not disclosed,Bengaluru,Consumer Modeling Development Center Leader Wells Fargo & Company (NYSE: WFC) ...,1 Day Ago,Automation,Operations research,Data management,Project management,Analytical,Consulting,Customer service,Monitoring
Lead Business Execution Administrator,Wells Fargo,Not disclosed,Bengaluru,Flexible with rotational shift. . Candidates applying to job openings posted in Canada:...,1 Day Ago,remediation,Content management,Bim,Customer support,Agile methodology,Subject matter expertise,JIRA,Operations
Senior Trainer,Phonepe,Not disclosed,Bengaluru,. PhonePe Full Time Employee Benefits (Not applicable for Intern or Contract Roles) Exp...,1 Day Ago,Change management,LMS,Customer experience,Customer service,Medical insurance,Continuous improvement,Stakeholder management,Financial services
Software Component Responsible,Volvo Financial Services,Not disclosed,Bengaluru,Join our design shift that leaves society in good shape for the next generation. . We b...,1 Day Ago,C++,Powertrain,Mechatronics,Software design,ISO,Networking,Construction equipment,System design
Software Component Responsible,Volvo Penta,Not disclosed,Bengaluru,Join our design shift that leaves society in good shape for the next generationAt least...,1 Day Ago,C++,Powertrain,Mechatronics,Software design,ISO,Networking,Construction equipment,System design
NTT DATA- Hiring PMO Analyst- Delivery Assurance- PAN India Locations,NTT Data Information Processing Services,Not disclosed,"Hybrid - Bangalore Rural, Pune, Bengaluru",. Must Have Skills-,1 Day Ago,programme and portfolio delivery including reporting,Portfolio Management project,change and dependency management approaches. The role holder will facilitate and support successful delivery of projects,RAID management,Delivery Assurance,Governance,Portfolio,Project Portfolio Management
Technical Trainer - Mechanical,Updater Services (UDS),Not disclosed,"Hyderabad, Chennai, Bengaluru",Qualification: B Tech Mechanical Engineering or M Tech in a relevant field - Preferred:...,1 Day Ago,Mechanical trainer,Training and Development Technical Training,Documentation Skills,Technical Training,Documentation,Training And Development,Mechanical,Training
Technical Trainer,Updater Services (UDS),Not disclosed,"Hyderabad, Chennai, Bengaluru","Excellent organizational and time management skills Should be fluent in English, Tamil,...",1 Day Ago,certified Quality engineering,Class Supervisory License,Technical Training,Technical Analysis,Quality Engineering,Electrical Engineering,Electricals,Analysis
Clinical Data Specialist,IQVIA,Not disclosed,"Hybrid - Kochi, Thane, Bengaluru","Roles and ResponsibilitiesManage clinical data from study start-up to closeout, ensurin...",1 Day Ago,Medidata Rave,conduct,closeout,Query Management,Reconciliation,UAT,Clinical Data Management,Sae Reconciliation
EM Design Technologist,Wipro,Not disclosed,Bengaluru,. Education: . MSEE with 3+ years of experience in EM simulations is requiredExcellent ...,1 Day Ago,EM Design,EMI,EM Design Technologist,CST,ANSYS,EMC,Design,
Knowledge Management Lead,Accenture,Not disclosed,Bengaluru,"Professional & Technical Skills: Masters degree in business administration, management,...",1 Day Ago,project management,data analytics,process design,talent management,content development,workday,oracle hcm cloud,training
Cloud Ecosystem Product Manager,IBM,Not disclosed,Bengaluru,"We are seeking an experienced product manager with background in cloud technology, fint...",1 Day Ago,presentation skills,cloud practice,cloud technologies,product management,partnerships,cloud services,cloud migration,microsoft azure
Sr Process Analyst - Finance and Administration Delivery,IBM,Not disclosed,Bengaluru,Willingness to perform duties in varying shifts. Required Technical and Professional Ex...,1 Day Ago,accounts payable,invoice processing,accounting,finance process,finance,financial analysis,mis reporting,forecasting
OCI Admin,Infosys,Not disclosed,Bengaluru,Job TitleOCI Admin Responsibilities A day in the life of an Infoscion As part of the...,1 Day Ago,otm,oracle cloud infrastructure,networking,oracle cloud,vendor,python,oracle,microsoft azure
Sr Process Analyst - Finance and Administration Delivery,IBM,Not disclosed,Bengaluru,Required Technical and Professional Expertise Minimum of 4-6 years of experience in Rec...,1 Day Ago,financial analysis,accounting,bank accounting,r2r,record to report,erp,accounts payable,sap
Principal Consultant - Technology & Implementation,Wipro,Not disclosed,Bengaluru,The role may have managerial responsibilities in leading a team of consultants and mana...,2 Days Ago,Agile,team mentoring,client relationship,business development,Demand Generation,Business Analysis,Mentoring,Consulting
Quantitative Analytics Senior Manager,Wells Fargo,Not disclosed,Bengaluru,"Required Qualifications: . 6+ years of Quantitative Analytical experience, or equivalen...",2 Days Ago,SAN,Automation,Front office,C++,Coding,Analytical,Investment banking,Risk management
Title Business Execution Consultant,Wells Fargo,Not disclosed,Bengaluru,Candidates applying to job openings posted in Canada: Applications for employment are e...,2 Days Ago,Business process,Manager Quality Assurance,Operational risk,MIS,Process improvement,Strategic planning,Manager Quality Control,Operations
"Sr. Commercial Banking portfolio Coordinator (Loan document, Analysis)",A top and leading MNC in investment banking,Not disclosed,"Hyderabad, Bengaluru",Role- Sr. Commercial Banking Portfolio CoordinatorType- Permanent/Full timeLocation- Hy...,1 Day Ago,Loan documentation,Financial Statements,Credit Analysis,covenants,Financial Analysis,Loan Processing,Ratio Analysis,Financial documents
Oracle HCM Functional Architect,Oracle,Not disclosed,"Hybrid - Bangalore Rural, Pune, Chennai",needs to be a subject matter expert in a functional capacity across HCM Cloud modules /...,1 Day Ago,Oracle HCM,Oracle Fusion Hcm,Solution Architecting,Solution Design,Design,Fusion,Functional Architecture,Oracle Fusion
Oracle HCM Technical Architect,Oracle,Not disclosed,"Hybrid - Pune, Chennai, Bengaluru","should be good with SQL tuning apart from best practices to be followed in HDL, HCM Ext...",1 Day Ago,BIP OTBI,Oracle Hcm Cloud,Oracle Hcm,Hcm Extracts,Technical Architecture,HDL,Oracle Fusion,Oracle
Robotics Trainer / Instructor,Stem Center India,1.75-2.5 Lacs PA,"Bangalore/Bengaluru(Kengeri Hobli +4), Chennai(Chromepet +2)",FEMALE candidates only . Good English communication skills. Freshers - No arrears at th...,10 Days Ago,Communication Skills,Robotics,instructor,school,Education,trainer,Training,Instructing
L 1 - Support Professional,Navviti Consulting,Not disclosed,Bengaluru,. Should be willing to travel Skills: . Must have excellent oral and written communicat...,12 Days Ago,Front End Executive,Front end,Manager Technology,Incident management,Executive management,Hardware,Troubleshooting,L1
Native Translator_Language Expert_WFH_Part Time For 4 Working Hours,Adecco India,"50,000-1 Lacs PA",Remote,Requirements: . You are a graduate of any discipline Performs quality checks on tasks d...,15 Days Ago,Linguistics,Oriya,Language Teaching,Malayalam,Translation,Gujarati,Kannada,Translator
SR SCIENTIST ( ANALYTICAL CHEMIST ) - DRUG DEVELOPMENT COMPANY,REPUTED DRUG DEVELOPMENT COMPANY,Not disclosed,Bengaluru,"Good exp in bioanalysis of small molecule using LCMS .Good exp in ADME, PK Studies. Phd...",15 Days Ago,Analytical Chemistry,adme,Analytical Method Development,LCMS,PK Studies,Method Validation,Bioanalytical,Analytical Research
Sales Executive / Sr . Sales Executive,Labindia Instruments,Not disclosed,Bengaluru,". Qualification : BSc/ M Sc/ B Tech in Chemistry/ petroleum, B Tech / BE Electronics / ...",30+ Days Ago,Cold calling,Chemistry,Sales,Electronics,Executive Instrumentation,Instrumentation,Telecommunication,Sales Executive
Instructional Designer (6-Month Contract),Qasolvers,Not disclosed,"Mumbai, Bengaluru, Delhi / NCR",Full time conversion can be done as per performance during the 6 months contract period...,21 Days Ago,media visualization,Algebra,General Science,Instructional Designer,Instructional Designing,Biology,Mathematics,Design
Cutlist,DesignCafe,Not disclosed,"Jaynagar, Bengaluru","Generate cutlists, including the type and size of materials required for each projectMi...",30+ Days Ago,architectural design,interior designing,mathematics,cad,photoshop,sketchup,autocad,excel
Inbound Sales Development Rep,School Of Sdr,Not disclosed,Bengaluru,". Proficiency in CRM software and sales engagement tools (ideal but not mandatory, trai...",12 Days Ago,Training,Sales,Sales development,Chemical engineering,SAAS,Sales Expert,Subject Matter Expert,Sales training
Product Owner II,Teletrac Navman,Not disclosed,Bengaluru,Experience in Expertise in the convenience and retail fuel industry preferred Proven ex...,14 Days Ago,Product management,PDF,Payment systems,Manager Program Management,Agile development,Telematics,HTTP,Stakeholder management
Business Development Manager,Open Door,Not disclosed,Bengaluru,Proven record of success in past company or college . Open to traveling extensively (2-...,30+ Days Ago,Chemistry,OOPS,Mathematics,Development,Business development,Business development management,Management,
nlp engineers,Disha Consultant,Not disclosed,Bengaluru,"Graduate / Post-Graduate/ in Computer Science, Mathematics, Machine Learning, 8+ years ...",30+ Days Ago,Computer science,Logistic regression,Architecture,Diagnostics,GCP,Machine learning,Deployment,Mathematics
Biostatisticial Academics,Aster Medcity,Not disclosed,"Kolkata, Mumbai, New Delhi, Hyderabad, Pune, Chennai, Bengaluru",". Mentor graduate students, postdoctoral fellows, and junior faculty members in their r...",30+ Days Ago,bed,tgt,biology,mathematics,professor activities,administration,tutoring,teaching
Scientific Writer,Strand Life Sciences,Not disclosed,Bengaluru,Proven experience in technical storytelling and creating content for a wide range of au...,30+ Days Ago,data science,Time management,Pharma,Social media,Genomics,Production,Manager Technology,Biology
Project Technical Support -II -ICMR ISCALL Project,St. Johns Research Institute,Not disclosed,Bengaluru,Assist in obtaining approvals from regulatory bodies and ethics committees as required ...,30+ Days Ago,security management,security operations,molecular biology,risk management,risk assessment,auditing,occupational health,drug discovery
Technical Sales Specialist,Sartorius,Not disclosed,"Mumbai, Hyderabad, Ahmedabad, Bengaluru",We are looking for a Technical Sales Specialist to join our team in Ahmedabad / Pune....,30+ Days Ago,Flow cytometry,Microbiology,Pharma,Cell biology,Instrumentation,Life sciences,Biochemistry,Customer service
Tech Delivery Subject Matter Expert,Accenture,Not disclosed,Bengaluru,"Must have skills : Service Fulfillment, Application Design, Data Modeling Techniques an...",18 Days Ago,project management,application design,project management process,open source,service fulfillment,service assurance,oracle,mq
Tech Delivery Subject Matter Expert,Accenture,Not disclosed,Bengaluru,Project Role : Tech Delivery Subject Matter ExpertProject Role Description : Drive inno...,19 Days Ago,compensation management,sap,sme,sap success factor,successfactors compensation,ess,hris,employee central
HR Service Delivery Associate,Accenture,Not disclosed,Bengaluru,Skill required: Employee Services - Customer CareDesignation: HR Service Delivery Assoc...,19 Days Ago,business leadership,talent acquisition,learning management,hr processes,hr shared services,hr generalist activities,process improvement,human resource management
Data Analytics Monitoring - Associate/AVP,Deutsche Bank,Not disclosed,Hybrid - Bengaluru,Bachelors or masters degree in computers / Mathematics/statistics Collaborating with a...,18 Days Ago,Data Analysis,Data Modelling,SAS,Data Extraction,Data Mining,Data Analytics,Machine Learning,SQL
TFL - Trade - Associate,Deutsche Bank,Not disclosed,Bengaluru,Flexible to work in late night shiftsCDCS Certification is an added advantage Your skil...,19 Days Ago,operational risks,trade finance operations,financial operations,service delivery,process improvement,banking,communication skills,Trade
Subject Matter Expert (Retail),HARMAN,Not disclosed,"Hybrid - Pune, Bengaluru",Job DescriptionGreater than 12 years of experience in IT industry with minimum 8+ in R...,21 Days Ago,Retail,Ecommerce,Presales,Supply Chain Management,US Market,Supply,Subject,Management
Associate - Business Analyst - Change Management,Deutsche Bank,Not disclosed,Hybrid - Bengaluru,"Works with stakeholders to understand their needs, analyse problems, and capture their ...",21 Days Ago,Change Management,Business Analysis,Client data,Project,Reference Data,Client,Change,Analysis
Subject Matter Expert : Oracle Fusion Middleware Technology (OIC),Wipro,Not disclosed,Bengaluru,"Should have managed several projects of different nature such as new implementations, r...",23 Days Ago,OIC,project management,PMP,Oracle Fusion Middleware,RFP,project planning,SDLC,Oracle
Pre Primary Teacher @ Vibgyor school Marathahalli,VIBGYOR Group of Schools,Not disclosed,Bengaluru(Kundalahalli +1),Academic Operations: . Should promote maximum student participation by assisting studen...,27 Days Ago,Drawing,Art,Craft,assistant teacher,Education Industry,Teaching,Assistance,Pre
Hiring Associate / Senior Associate Telesales - - 17593,METTLER TOLEDO,Not disclosed,Bengaluru,Timely collection of receivables as per MTIN guidelines. . Should be able to update lea...,Just Now,telemedicine,Sales,Telesales,Field sales,SAP CRM,Javascript,Instrumentation,Medical insurance
Urgently looking For Order To Cash Subject Matter Expert,Cognizant,3-8 Lacs PA,Bengaluru,Shift : Should be flexible for 24 / 7 Environment Proficient with Google and Microsoft ...,30 Days Ago,Order To Cash,Quote To Cash,O2C Cash Application,Deal Desk,Invoice Processing,Deal desk analyst,O2C Billing,Cash Applications
TFL Professional - Trade Associate,Deutsche Bank,Not disclosed,Bengaluru,Flexible to work in late night shiftsCDCS Certification is an added advantage Your skil...,30+ Days Ago,Trade Finance Operations,UCP,Finance Operations,URC,ICC,CDCS,Finance,Finance Operation
Tech Delivery Subject Matter Expert,Accenture,Not disclosed,Bengaluru,Project Role :Tech Delivery Subject Matter ExpertProject Role Description :Drive innova...,30+ Days Ago,web services,sme,sap success factor,sap successfactors integrations,api,sap hana cloud integration,boomi,sap cloud platform
Accounting Associate (Management Reporting Analyst),Caterpillar Inc,Not disclosed,Bengaluru,Work timings 07:30AM-04:30PM(General Shift) . Work from office . IC (individual contrib...,17 Days Ago,Business process,Change management,Reporting Analyst,Analytical,Reconciliation,Financial planning,Budgeting,Forecasting
IN-Senior Associate _OT Security _OT Security _ Advisory _Bangalore,Pricewaterhouse Coopers Private Limited,Not disclosed,Bengaluru,. Summary: You will work as part of the Cybersecurity practitioners with extensive cons...,19 Days Ago,Cisa,Consulting,ISO 27001,Manager Technology,Subject Matter Expert,Operations,Advisory,Logistics
IN-Senior Associate _OT Security _OT Security _ Advisory,Pricewaterhouse Coopers Private Limited,Not disclosed,Bengaluru,Setup/ orchestrate a test lab for simulating real-world attacks and be able to create a...,19 Days Ago,Cisa,Consulting,ISO 27001,Manager Technology,Subject Matter Expert,Operations,Advisory,Logistics
IN-Senior Associate,Pricewaterhouse Coopers Private Limited,Not disclosed,Bengaluru,. Summary: You will work as part of the Cybersecurity practitioners with extensive cons...,19 Days Ago,Cisa,Consulting,ISO 27001,Manager Technology,Subject Matter Expert,Operations,Advisory,Logistics
IN-Senior Associate _OT Security _OT Security _ Advisory,Pricewaterhouse Coopers Private Limited,Not disclosed,Bengaluru,. Summary: You will work as part of the Cybersecurity practitioners with extensive cons...,19 Days Ago,Cisa,Consulting,ISO 27001,Manager Technology,Subject Matter Expert,Operations,Advisory,Logistics
Associate Lead - Global Competitive Intelligence,Novo Nordisk,Not disclosed,Bengaluru,The primary purpose of this position is to provide high quality monitoring and ins...,30+ Days Ago,Relationship management,Business services,Medical affairs,Product planning,Corporate affairs,Competitive intelligence,Subject Matter Expert,Operations
Subject Matter Expert,Chegg,Not disclosed,"Kolkata, Mumbai, New Delhi, Hyderabad, Pune, Chennai, Bengaluru","Work experience of 3 years in the relevant industry is recommended , with a...",20 Days Ago,QA,Training,Manager Quality Assurance,Finance,Corporate,Manager Technology,HTTP,Data analytics
Accounting Associate (Research and Engineering)- (R&E),Caterpillar Inc,Not disclosed,Bengaluru,We are seeking a skilled Accounting Associate (Research and Engineering)- (R&E) to j...,21 Days Ago,Change management,Automation,Expense management,Process improvement,Business analytics,Analytical,Reconciliation,Continuous improvement
Associate Security Consultant,Tech Mahindra,Not disclosed,Bengaluru,"Coordinates and manages the preparation, testing and maintenance of business continuit...",30+ Days Ago,Crisis management,Disaster recovery planning,Regulatory reporting,External audit,Manager Technology,Deployment,Management,Operations
Subject Matter Expert - Web Development,Chegg,Not disclosed,"Kolkata, Mumbai, New Delhi, Hyderabad, Pune, Chennai, Bengaluru",Gauge incoming volume for chat and grading and suggest redistribution of working shifts...,27 Days Ago,QA,Training,Manager Quality Assurance,Finance,Web development,Corporate,Manager Technology,HTTP
Transaction Processing Associate III,Conduent,Not disclosed,Bengaluru,"In some areas, requires vocational training, certifications, licensures, or equivalent ...",30+ Days Ago,Training,Analytical skills,Interpersonal skills,Usage,Subject Matter Expert,transaction processing associate,Service quality,Supervision
Pre-Primary Teachers,The Brigade School,Not disclosed,Bengaluru,Montessori trained freshers and teachers with 2- 3 years of experience. Training in Jol...,30+ Days Ago,Computer science,Accountancy,Economics,Training,Chemistry,Political science,Business studies,Psychology
Connected Platform - Maximo Developer - Senior Associate,Pricewaterhouse Coopers Private Limited,Not disclosed,"Mumbai, Hyderabad, Bengaluru",We focus on improving apps or developing new apps for traditional and mobile devices as...,30+ Days Ago,JMS,Automation,Maximo,XML,TIBCO,PLSQL,JSON,Oracle
Connected Platform - Maximo Developer - Senior Associate,Pricewaterhouse Coopers Private Limited,Not disclosed,"Mumbai, Hyderabad, Bengaluru",We focus on improving apps or developing new apps for traditional and mobile devices as...,30+ Days Ago,JMS,Automation,Maximo,XML,TIBCO,PLSQL,JSON,Oracle
Junior Research Associate - Biodegradation Laboratory & Analytical,ITC Life Sciences & Technology Centre,Not disclosed,Bengaluru,Preferred candidate profile Qualifications : MSc Chemistry (Analytical Chemistry) & Bio...,13 Days Ago,Analytical,Biology,Analytics,Research,,,,
Associate,Unitedlex,Not disclosed,Bengaluru,"Work as a subject matter expert on Data Breach Analysis [DBA], review and manage...",30+ Days Ago,Root cause analysis,Basic,Quality standards,Excel,Legal,Subject Matter Expert,Management,MS Office
Technical OIC Consultant (Support Org),Oracle,Not disclosed,"Hyderabad, Bengaluru",Work with development to incorporate tools into the application (shift left industry fo...,5 Days Ago,OIC,SCM,OM,Ebs Application,INV,PLM,Oracle Inventory,Order Management
"Java, Microservices Developer / Lead | Chennai & Bangalore",Photon,16-27.5 Lacs PA (Including Variable: 5.0%),"Chennai, Bengaluru","Requirements: Bachelors degree in computer science, Engineering, or related field (or e...",1 Day Ago,Javascript,Microservices,Java,Spring Boot,Spring,Development,Javas,Microservices Development
Content Writer,Alliance University,Not disclosed,Bengaluru,". 0-1 year of experience in content writing, copywriting, or a related field (internshi...",30+ Days Ago,Content management,Social media,Business studies,CMS,Content writing,HTML,Research,SEO
SME_Health,Valuepoint Knowledgeworks,Not disclosed,"Hubli, Mangaluru, Mysuru, Bengaluru, Belgaum",Valuepoint Knowledgeworks Pvt. Ltd. is looking for SME_Health to join our dynamic team ...,30+ Days Ago,risk management,project management,iso,team management,team handling,cmmi,business analysis,sme
SME - Electrical Engineering (Graduation),Qasolvers,Not disclosed,"Mumbai, Delhi / NCR, Bengaluru",Key Requirements: Candidate must have knowledge of the subject of Electrical Engineerin...,21 Days Ago,Electrical Engineering,Tutoring,Academic Content Writing,Subject Matter Expert,Online Teaching,Electricals,Writing,Online Tutoring
SME - Chemical Engineering (Graduation),Qasolvers,Not disclosed,"Mumbai, Delhi / NCR, Bengaluru",Key Requirements: Candidate must have knowledge of the subject of Chemical EngineeringH...,21 Days Ago,Chemical Engineering,Tutoring,MathType,SME,Subject Matter Expert,Online Teaching,Subject,Teaching
SME - Economics (Graduation),Qasolvers,Not disclosed,"Mumbai, Delhi / NCR, Bengaluru",Prior experience in Academic Content Writing or Teaching (Preferred). Subject Knowledge...,21 Days Ago,Economics,Tutoring,Subject Matter Expert,Online Teaching,Online Tutoring,Teaching,Subject,SME
SME - Accounts,Qasolvers,Not disclosed,"Mumbai, Delhi / NCR, Bengaluru",Prior experience in Academic Content Writing or Teaching (Preferred). Location-Remote(W...,21 Days Ago,Accounts,Tutoring,Academic Content Writing,Accounts Subject Matter Expert,Online Teaching,Academics,Accounting,Subject
IT Recruiter,BLACK AND WHITE CONSULTING,1.5-3 Lacs PA,Bengaluru,"IT RecruiterWe at Black and White Business Solutions Pvt Ltd are looking for ambitious,...",23 Days Ago,Communication Skills,Sourcing Profiles,hiring,Human Resource Management,Talent Acquisition,Recruitment,Acquisition,Resource
Content Manager - Technical Content,Wonksknow Technologies,6-8 Lacs PA,Remote,"Preferred candidate profile . Bachelors degree in Communications, Journalism, English, ...",24 Days Ago,Technical Editing,Technical Content Writing,Content Writing,Technical Writing,Writing Content,Editing,Technical,Management
Identity and Access Management Engineer,Marvell Semiconductors,Not disclosed,"Hyderabad, Pune, Bengaluru",". Bachelors degree in Computer Science, Information Technology, Cybersecurity, or relat...",Just Now,Computer science,remediation,Linux,Analytical,Active directory,Javascript,Windows,microsoft
Technical Architect,Axa Technology Services,Not disclosed,Bengaluru,"Technical Architect Bangalore, India As we develop an enterprise-wide Di...",Just Now,remediation,Architecture,Coding,Agile,Scheduling,Customer service,Business strategy,Unit testing
Customer Success Specialist - 6pm To 3am - WFO,Azuga Telematics,Not disclosed,Bengaluru,Customer Success Onboarding Representative (INSCO) 6pm to 3am WFOGeneral Position Summa...,Just Now,Customer Success,Onboarding Specialist,Customer Support,Onboarding,Wfo,Customer focus,,
Chemical and Process engineer,Simreka,Not disclosed,Bengaluru,Qualifications: A masters or PhD in Chemical Engineering or a specialized area can be a...,1 Day Ago,Chemistry,Chemical,Chemical engineering,Research,Manufacturing operations,Manufacturing,Engineering,Process engineering
Senior Procurement (Bangalore Based),Gojek,Not disclosed,Bengaluru,"Bachelors of business, supply chain management, or any other related fieldPreferably ha...",1 Day Ago,Supply chain management,Due diligence,Bidding,People development,Financial inclusion,Flex,Cost optimization,Financial services
Senior Procurement (Bangalore Based),Tokopedia,Not disclosed,Bengaluru,"Bachelors of business, supply chain management, or any other related fieldPreferably ha...",1 Day Ago,Supply chain management,Due diligence,Bidding,People development,Financial inclusion,Flex,Cost optimization,Financial services
Technical Support Specialist - Documentum xCP,Opentext,Not disclosed,Bengaluru,Open Text is seeking Technical Support Specialists (TSS) in Documentum. TSSs are respon...,1 Day Ago,Documentum xCP,technical support,rdbms,oracle,product management,xcp,documentum,webtop
Mechanical Technical Lead Engineer,Lam Research,Not disclosed,Bengaluru,Minimum Qualifications . BE / BTech/Masters in (Mechanical / Production / Manufacturing...,1 Day Ago,Training,Fabrication,PLM,Simulation,Project management,CAD,thermal,Valves
Process Quality Trainer - CRM,The Orange Health,Not disclosed,Bengaluru,Minimum 3-5 years of experience in a similar training role within the Customer Experien...,2 Days Ago,Training,LMS,Process improvement,Healthcare,Customer service,Stakeholder management,Service quality,Reporting tools
Digital Marketing Manager,Flatworld Solutions (FWS),14-16 Lacs PA,Bengaluru,"Proficiency in web analytics tools (e.g., Google Analytics) to track performance and pr...",1 Day Ago,CRO,Content Marketing,Conversion Optimization,SEO,Google Analytics,Serp,Ab Testing,Analytics Tool
Analytics and Modelling Sr Analyst,Accenture,Not disclosed,Bengaluru,BASIC QUALIFICATIONS (BULLETS) . Education Bachelors in Computer Science or related dis...,4 Days Ago,power platform,ms power apps,sharepoint development,ui,excel vba,c#,project management,sharepoint designer
Application Developer,Accenture,Not disclosed,Bengaluru,Required active participation / contribution in team discussionsAssist in the deploymen...,4 Days Ago,web services,javascript,angular,java,full stack,rest,css,oracle
Software Development Engineer,Accenture,Not disclosed,Bengaluru,"Project Role :Software Development EngineerProject Role Description :Analyze, design, c...",4 Days Ago,performance tuning,sap bw,data modeling,sap hana,hana data modeling,bdc,software development,sap
Software Architect,IBM,Not disclosed,Bengaluru,You should learn and understand what can be solved and what could be difficult to solve...,4 Days Ago,kubernetes,microservices,tensorflow,keras,saas,algorithms,c++,application design
Solution Architect: Data Platforms,IBM,Not disclosed,Bengaluru,"In this role, you'll work in one of our IBM Consulting Client Innovation Centres (Deliv...",4 Days Ago,sales support,design patterns,data ingestion,big data,azure cloud,hive,cloudera,kubernetes
TFL - Trade - NCT- Professional,Deutsche Bank,Not disclosed,Bengaluru,Flexible to work in late night shiftsYour skills and experience Good understanding of l...,4 Days Ago,Trade Finance Operations,branch operations,operational risks,compliance,Collections,credit,Trade,Risk
Maximo Developer,IBM,Not disclosed,Bengaluru,"Build, monitor, and support integrations with Maximo using APIs, scheduled batch jobs, ...",4 Days Ago,jira,python,maximo,facilities management,javascript,web services,jsp,asset management
Application Developer,Accenture,Not disclosed,Bengaluru,Educational Qualification : 15 years full time education15 years full time education Mu...,4 Days Ago,sap,sap fi-gl,fs,disbursement,collections,master data,lsmw,software testing
Security Architect,Accenture,Not disclosed,Bengaluru,Educational Qualification : 15 years full time education. Summary :As a Security Archit...,4 Days Ago,risk assessment,scada,assessment,plcs,hmis,risk management,cloud security,cyber security
Security Architect,Accenture,Not disclosed,Bengaluru,Educational Qualification : 15 years full time education. Summary :As a Security Archit...,4 Days Ago,hmi,plm,pac,iiot,mes,security operations,cloud security,cyber security
Security Architect,Accenture,Not disclosed,Bengaluru,Educational Qualification : 15 years full time education. Summary :As a Security Archit...,4 Days Ago,risk assessment,scada,assessment,plcs,hmis,risk management,cloud security,cyber security
Application Developer,Accenture,Not disclosed,Bengaluru,"Project Role :Application DeveloperProject Role Description :Design, build and configur...",4 Days Ago,azure databricks,data services,microsoft azure,data ingestion,azure cosmosdb,azure data lake,azure data factory,application development
Software Development Engineer,Accenture,Not disclosed,Bengaluru,"Project Role :Software Development EngineerProject Role Description :Analyze, design, c...",4 Days Ago,c++,software development,java,ifs,agile methodology,software testing,software design,unit testing
Software Development Engineer,Accenture,Not disclosed,Bengaluru,"Project Role :Software Development EngineerProject Role Description :Analyze, design, c...",4 Days Ago,software development,salesforce lightning,salesforce security model,sales force development,salesforce,rest,css,c++
TFL Professional Trade - NCT,Deutsche Bank,Not disclosed,Bengaluru,Flexible to work in late night shiftsYour skills and experience Good understanding of l...,5 Days Ago,Trade Finance Operations,Letter of credit,branch operations,compliance management,operational risk,Collections,Risk,Finance
"Principal Engineer, WMS Automation",Kimberly-Clark Corporation,Not disclosed,Bengaluru,"Principal Engineer, WMS Automation Job Description You we're made to do this w...",4 Days Ago,Service delivery,Supply chain,Automation,Networking,Coding,Enterprise applications,Flex,System design
DC Engineer Consultant,Hexaware Technologies,Not disclosed,"Kolkata, Mumbai, New Delhi, Hyderabad, Pune, Chennai, Bengaluru",We are looking for a talented and experienced Google Cloud Platform (GCP) Cloud Solut...,4 Days Ago,Networking,Architecture,Access management,GCP,SOC,ISO 27001,Presales,microsoft
Information Development Eng 3,Juniper Networks,Not disclosed,Bengaluru,The PACE (Product Adoption Content Experience) team develops and delivers the content o...,4 Days Ago,Computer science,network automation,Content management,Web technologies,Networking,WAN,Management systems,XML
OFSAA Functional Consultant,Oracle,15-30 Lacs PA,"Pune, Bengaluru, Mumbai (All Areas)",Training for the system will be done by current implementation team and Candidate must ...,5 Days Ago,Ofsaa,Techno Functional,Support Services,Techno,Functional consultancy,Consulting,Functional,
Application Developer,Accenture,Not disclosed,Bengaluru,Minimum 3 year(s) of experience is required. Educational Qualification : 15 years full ...,5 Days Ago,software testing,ibm db2,cobol,debugging,software engineering,c#,python,oracle
Technology Educator,Accenture,Not disclosed,Bengaluru,Project Role :Technology EducatorProject Role Description :Instrumental in keeping tech...,5 Days Ago,information technology,presentation skills,it operations management,servicenow,itsm,soft skills,training needs,training
Application Developer,Accenture,Not disclosed,Bengaluru,. 15 years full time educationAdditional InformationA Prior experience with 1 or more O...,5 Days Ago,team handling,presentation skills,oracle hcm cloud,oracle apps technical,talent management,project management,oracle,oracle core hr
Software Development Engineer,Accenture,Not disclosed,Bengaluru,"Project Role :Software Development EngineerProject Role Description :Analyze, design, c...",5 Days Ago,software development,sql queries,database management,vba,visual basic,c#,c++,python
Application Developer,Accenture,Not disclosed,Bengaluru,Minimum 3 year(s) of experience is required. Educational Qualification : 15 years full ...,5 Days Ago,bitbucket,ecm,xml,enterprise content management,jira,c#,continuous integration,css
Software Development Engineer,Accenture,Not disclosed,Bengaluru,"Project Role :Software Development EngineerProject Role Description :Analyze, design, c...",5 Days Ago,data services,software testing,microsoft azure,data warehousing,computation,c#,azure databricks,python
Software Development Engineer,Accenture,Not disclosed,Bengaluru,"Project Role :Software Development EngineerProject Role Description :Analyze, design, c...",5 Days Ago,sql,git,java,design patterns,j2ee,software development,version control,unit testing
AI / ML Engineer,Accenture,Not disclosed,Bengaluru,"Could also include but not limited to deep learning, neural networks, chatbots, image p...",5 Days Ago,python,vertica,machine learning,data science,etl,hive,image processing,chatbot
Technology Architect,Accenture,Not disclosed,Bengaluru,Minimum 15 year(s) of experience is required. Educational Qualification : Min 15 years ...,5 Days Ago,cloud platform,microservices,process management,j2ee,claims,architectural design,rest,system software
Software Development Engineer,Accenture,Not disclosed,Bengaluru,Minimum 2 year(s) of experience is required. Educational Qualification : 15 years full ...,5 Days Ago,java,sap basis,sap basis administration,sap abap,sap hana,software development,oracle,dbms
Software Development Engineer,Accenture,Not disclosed,Bengaluru,"Project Role :Software Development EngineerProject Role Description :Analyze, design, c...",5 Days Ago,data conversion,sap,software development,adm,requirement analysis,python,project management,business analysis
KYC Analyst,Deutsche Bank,Not disclosed,Bengaluru,"Role Description:Provide leadership, analysis and compliance policy guidance/support to...",5 Days Ago,KYC,Client Onboarding,client due diligence,documentation,client relationship,Diligence,Client,Client Relation
French Specialist,Capgemini,Not disclosed,Bengaluru,Leads the delivery of Client focused procurement services and continuously strives to i...,6 Days Ago,P2P processes,Service Delivery procedures,P2P,French Specialist,French,P2P Cycle,Procedures,Delivery
V+ Business Analyst,Capgemini,Not disclosed,Bengaluru,Successful candidate should have strong domain knowledge in consumer finance products (...,6 Days Ago,Business Analysis,project management,consumer finance,lending,credit cards,system implementation,core banking,visionplus
Application Developer,Accenture,Not disclosed,Bengaluru,"Project Role :Application DeveloperProject Role Description :Design, build and configur...",6 Days Ago,data warehousing,microsoft azure,sql,talend etl,database creation,oracle,version control,talend
Engineering Manager - Consumer Data & Enrichment,Kimberly-Clark Corporation,Not disclosed,Bengaluru,Minimum of 7 years experience in integrated marketing programs across multiple platform...,5 Days Ago,Digital media,Media marketing,Analytical,Relationship building,Flex,Agile,data visualization,Risk management
Analytics Consultant,Wells Fargo,Not disclosed,Bengaluru,". Bachelors, MA / MSc College Degree or Higher in applied mathematics, statistics, engi...",5 Days Ago,Relationship management,Data analysis,SAS,Data management,Risk management,Operations,Analytics,Monitoring
Finance Master Data Manager,DXC Technology,Not disclosed,Bengaluru,"Team player in multi-country teams with excellent interpersonal skills, including a Wor...",5 Days Ago,IT services,Data analysis,SAP,Financial reporting,Financial planning,Risk management,Forecasting,Operations
Senior Analytics Consultant,Wells Fargo,Not disclosed,Bengaluru,"Candidate should be able to consult, review and research complex business, operational,...",5 Days Ago,Loans,remediation,Data analysis,SAS,Risk management,Econometrics,Operations,Analytics
Product Owner,Novo Nordisk,Not disclosed,Bengaluru,"Bachelors or Masters degree in Computer Science, Information Technology, or related fie...",5 Days Ago,Computer science,Product management,Data analysis,Data management,Data modeling,data security,Analytical,Data quality
Senior Software Development Manager,Oracle,Not disclosed,Bengaluru,Bachelors or Masters in Computer Science or equivalent . Technical Experts - You will h...,6 Days Ago,Java,Engineering Management,Devops,Team Management,Leadership,Team Building,Software Engineering,Java Architecture
Global Mobility Specialist,Hitachi,12-15 Lacs PA,Hybrid - Bengaluru,Gathers and validates required information from the assignee and BU HR Preferred candid...,6 Days Ago,international mobility,Total Rewards,Global Mobility,mobility,Visa Processing,Relocation,Processing,Process
Content Writer,Digitalbuddha,Not disclosed,"Kannur, Bengaluru",Familiarity with SEO best practices and the ability to optimize content for search engi...,30+ Days Ago,Social media,Manager Technology,Journalism,Creative writing,content marketing,Research,SEO,Content development
Technical Content Specialist,IBM,Not disclosed,Bengaluru,Technical content is the backbone of our client's digital self-service experience and i...,6 Days Ago,xml,devops,agile,dita,development life cycle,github,software development,team management
Security Architect,IBM,Not disclosed,Bengaluru,"Experience with one or more of the following: NoSQL Databases (eg: Cassandra, Mongo), C...",6 Days Ago,AWS,linux system administration,java,ui development,j2ee,software defined networking,xss,bootstrap
IT Project Management Professional,Infosys,Not disclosed,Bengaluru,Bachelor of Engineering . Service Line Good understanding of SDLC and agile methodologi...,6 Days Ago,Project Management,quality engineering,java,selenium,automation testing,project delivery,it project management,agile
V+ Business Analyst,Capgemini,Not disclosed,Bengaluru,Successful candidate should have strong domain knowledge in consumer finance products (...,6 Days Ago,data migration,GAP analysis,Business Analyst,product configuration,Business Analysis,Impact analysis,Migration,Impact
Topic Advisory Manager (L7),Accenture,Not disclosed,Bengaluru,Must be flexible with working hours to meet shifting business needs Here is what you ne...,6 Days Ago,data management,enterprise architecture,technology strategy,system integration,strategy development,project management,operations management,sap
Software Development Engineer,Accenture,Not disclosed,Bengaluru,"Project Role :Software Development EngineerProject Role Description :Analyze, design, c...",7 Days Ago,sap,software development,sap popi,pi,api,css,seeburger,microsoft azure
Topic Advisory Manager (L7),Accenture,Not disclosed,Bengaluru,Must be flexible with working hours to meet shifting business needs Here is what you ne...,7 Days Ago,data management,enterprise architecture,technology strategy,system integration,strategy development,project management,operations management,sap
Service Delivery Ops Analyst,Accenture,Not disclosed,Bengaluru,Qualifications: Any Graduation Must have clear understanding of the existing performanc...,7 Days Ago,process improvement,root cause analysis,process documentation,service delivery,delivery operations,project management,operations management,team management
Service Delivery Ops Analyst,Accenture,Not disclosed,Bengaluru,Skill required: Compensation & Benefits - Compensation Administration Process DesignDes...,7 Days Ago,process design,compensation administration,root cause analysis,service delivery,compensation,training and development,process improvement,training
Application Developer,Accenture,Not disclosed,Bengaluru,Educational Qualification : 15 years full time education15 years full time educationAdd...,7 Days Ago,team handling,oracle hcm,oracle hcm cloud,presentation skills,techno functional,oracle payroll,oracle,oracle core hr
CISNGE - Monitoring Tools Consultant,Infosys,Not disclosed,Bengaluru,"Bachelor Of Computer Science, Bachelor of Engineering . Service Line Preferred Skills: ...",7 Days Ago,solarwinds,splunk admin,java,unix shell scripting,appdynamics,standard operating procedures,rest,prtg
SAP BASIS Consultant,Infosys,Not disclosed,Bengaluru,Job TitleSAP BASIS Consultant Responsibilities A day in the life of an Infoscion As ...,7 Days Ago,sap,sap s hana,hana administration,sap basis administration,solution management,project management,proposal writing,basis administration
Software Development Engineer,Accenture,Not disclosed,Bengaluru,"Project Role :Software Development EngineerProject Role Description :Analyze, design, c...",7 Days Ago,scala,spark,hadoop,software development,etl testing,hive,c++,data warehousing
Software Development Engineer,Accenture,Not disclosed,Bengaluru,"Project Role :Software Development EngineerProject Role Description :Analyze, design, c...",7 Days Ago,software development,microsoft - robotic process automation,robotic process,git,uipath,software testing,software design,version control
Business Analyst: ADM,IBM,Not disclosed,Bengaluru,"Introduction In this role, you'll work in one of our IBM Consulting Client Innovation ...",7 Days Ago,rdbms,data warehousing,sql,data mart,ods,project documentation,documentation,business analysis
Software Development Engineer,Accenture,Not disclosed,Bengaluru,"Project Role :Software Development EngineerProject Role Description :Analyze, design, c...",7 Days Ago,continuous integration,microsoft azure,automation tools,devops,ci cd pipeline,kubernetes,python,software development
Application Developer,Accenture,Not disclosed,Bengaluru,"Project Role :Application DeveloperProject Role Description :Design, build and configur...",7 Days Ago,sap,sapui5,html,sap idoc,sap abap,c#,css,software testing
Strategic Risk & Responsible Business Manager,Accenture,Not disclosed,Bengaluru,QUALIFICATIONS: . Education: No requirement. Work Experience: 5+ years professional exp...,7 Days Ago,risk management,internal audit,microsoft tools,stakeholder management,business risk,financial analysis,c#,risk assessment
Application Developer,Accenture,Not disclosed,Bengaluru,"Project Role :Application DeveloperProject Role Description :Design, build and configur...",7 Days Ago,css,salesforce lightning,salesforce integration,web development,soap,visualforce,rest,web services
"Manager, Content Management",Kimberly-Clark Corporation,Not disclosed,Bengaluru,Partner with internal teams and third-party vendors to continually improve the user exp...,6 Days Ago,Product quality,Solution architecture,Career development,Data analysis,Content management,Project management,Flex,Customer service
"Manager, Consumer Management",Kimberly-Clark Corporation,Not disclosed,Bengaluru,Partner with internal teams and third-party vendors to continually improve the user exp...,6 Days Ago,Product quality,Career development,Data analysis,Project management,Flex,Customer service,Digital marketing,Information technology
Lead Operational Risk Officer,Wells Fargo,Not disclosed,Bengaluru,Overall 4+ years of financial services industry experience preferably in risk managemen...,6 Days Ago,Computer science,Process automation,Operational risk,Fixed income,Risk assessment,Workflow,Asset management,Risk management
CRM Solution Architect,Kimberly-Clark Corporation,Not disclosed,"Costa Rica, Argentina, Colombia, Brazil, United States (USA), Bengaluru",Partner with internal teams and third-party vendors to continually improve the user exp...,6 Days Ago,Product quality,Career development,Data analysis,Project management,Flex,Customer service,Digital marketing,Information technology
Product Owner / Business Analyst,Sutherland,Not disclosed,Hybrid - Bengaluru(Yelahanka),2 years of experience in requirements analysis and translation into software architectu...,4 Days Ago,CT,Product Owner,Computed Tomography,Medical Imaging,Business Analyst,Medical,Imaging,Business analysis
Quantitative Researcher,ARP Investments,Not disclosed,"Kolkata, Mumbai, New Delhi, Hyderabad, Pune, Chennai, Bengaluru","Qualifications . PhD, MTech or MSc in computer science, economics, statistics, physics ...",30+ Days Ago,Computer science,Quantitative research,Data collection,Research,Risk management,Statistics,Forecasting,Analytics
Quantum Computing Intern,Vasitum,Not disclosed,Bengaluru,BosonQ Psi is thrilled to present an internship opportunity for a Quantum Computing Int...,17 Days Ago,python,microsoft azureresearch,cloud platforms,computationaws,communication skills,Cloud,Quantum Computing,Quantum
CONTENT WRITING,TransLang Ways,Not disclosed,"Bangalore/Bengaluru, Kolkata, Mumbai, New Delhi, Hyderabad/Secunderabad, Pune, Chennai",Collaborate with the design team to ensure content is visually appealing and optimized ...,30+ Days Ago,Transcription,Content writing,Writing,Content,,,,
Principal Change Analyst,DWS Group,Not disclosed,Bengaluru,Apply a structured methodology and lead change management activities to create a strate...,20 Days Ago,Change management,Data analysis,Data management,Business analysis,Project management,Investment banking,Analytics,Financial services
Inbound Sales Development Rep,School Of Sdr,Not disclosed,Bengaluru,"Skills, both written and verbal, with a talent for active listening and building rappor...",20 Days Ago,tech sales,engagement,inbound,saas,sales development,crm software,sales,crm
Inbound Sales Development Rep,School Of Sdr,Not disclosed,Bengaluru,"Skills, both written and verbal, with a talent for active listening and building rappor...",20 Days Ago,tech sales,inbound,saas,sales development,crm software,sales,inbound sales,crm
Technical Support Engineer,Legion,Not disclosed,"Pune, Bengaluru","Experience with Zendesk, Confluence, and Jira for ticketing and knowledge management Ex...",21 Days Ago,Unix,Automation,Publishing,Linux,Analytical,Litigation,Windows,Operations
Problem Management Engineer,Global Pharma Tek,Not disclosed,Bengaluru,"Work Experience : 0-2 years . Bachelors or Masters degree in Computer Science, Informat...",30+ Days Ago,Computer science,Analytical,Ethernet,Problem management,Incident management,JIRA,Information technology,SDLC
Engineer (Mechanical/ Aerospace/ Mechatronics/ Automobile),Aerotrix,Not disclosed,Bengaluru,Practically deliver technical content to meet industry standards and to facilitate grad...,30+ Days Ago,Mechatronics,Automobile,Email,Tracking,Aerospace,Customer care,Business strategy,Engineering Design
Problem Management Engineer,Capleo Global,Not disclosed,Bengaluru,"Work Experience : 0-2 years . Bachelors or Masters degree in Computer Science, Informat...",30+ Days Ago,Computer science,Analytical,Ethernet,Problem management,Incident management,JIRA,Information technology,SDLC
PRODUCT DEVELOPER / MANAGER,Open Door,Not disclosed,Bengaluru,Bachelor / Master Degree / PhD in science or engineering .,30+ Days Ago,Science,Development,Product development,Management,,,,
Technical Trainer,Iobrain,Not disclosed,"Mysuru, Bengaluru",Qualification: BTech / BE( ECE / TC) / M Sc Electronics / Physics / ITI(ECE) or any spe...,30+ Days Ago,Training,Basic,Coding,Project documentation,Manager Program Management,Electronics,Programming,Training and Development
Technical Content Writer,Symetric Systems,Not disclosed,Bengaluru,"• Research, outline, write and edit new and existing content, working closely with var...",30+ Days Ago,Computer science,Data migration,Process documentation,XML,Healthcare,Research,User experience design,Technical support
Senior Content Designer,Varite,Not disclosed,Bengaluru,"Bachelor s degree in English, Journalism, Human-Computer Interaction Design, or another...",30+ Days Ago,Content strategy,Email marketing,Staffing,IT consulting,Interaction design,Credit monitoring,content designing,Digital marketing
BBRC - Research Investigator - Process R&D,Syngene,Not disclosed,Bengaluru(Jigani),The candidate should be willing to work in the lab as an individual contributor with re...,10 Days Ago,Physical Chemistry,Research And Development,Mechanism,Investigation,Chemistry,Process,Research,Physical
Sales & Service Engineer,Orbit Research Associates,Not disclosed,"Mumbai, Hyderabad, Bengaluru",Qualification: B Tech with Electronics/ Instrumentation or MSc - Physics/ Chemistry . C...,30+ Days Ago,electronics,sales service,plc,medical equipment,customer service,presentation skills,engineering,sales
"Graduate Degree, PGDIE/CIDTL/B.Ed. preferred",Neev Academy,Not disclosed,Bengaluru,"Maintain good disciplinary order and child safety standards in the classrooms, on schoo...",1 Day Ago,Supervisor,Usage,Strategic planning,Support services,Mathematics,Monitoring,ICSE,Teaching
Model Risk Capabilities Officer,National Westminster Bank (natwest),Not disclosed,Bengaluru,"We re looking for someone with model and statistics experience, paired with exposure in...",1 Day Ago,Administration,model validation,Compliance,Business Economics,Banking,System design,Mathematics,Management
Lab Chemist,CIEL HR,3-4 Lacs PA,Bengaluru(Attibele Industrial Area +2),PREFERRED CANDIDATE PROFILE . The candidates must have at least 2 years of working expe...,1 Day Ago,Chemistry,Chemical Testing,Chemical Analysis,Chemical Engineering,FTIR,Software testing,Lab,Chemical
Sr Engineer Process Engineering,Globalfoundries,Not disclosed,Bengaluru,Coordinate training to develop shift engineers to perform their respective job assignme...,30+ Days Ago,Fabrication,Training,Career development,Semiconductor,operational support,Process engineering,Analytical,Process Engineer
Senior Technical Documentation Specialist,Bottle Lab Technologies,Not disclosed,Bengaluru,"A strong, convincing portfolio of previous projects; including impact data pointers ...",30+ Days Ago,Computer science,Interpersonal skills,B2B,Technical writing,SAAS,Troubleshooting,Adobe,Continuous improvement
Overseas Education Counselor,Techasoft,Not disclosed,Bengaluru,Attain complete understanding of Students eligibility & suggest the most appropriate Co...,30+ Days Ago,MIS reporting,Interpersonal skills,Client servicing,query,Consultancy,Education Counsellor,Subject Matter Expert,Overseas education
Project & Change Lead,DWS Group,Not disclosed,Bengaluru,Your skills and experience . You have agile experience and master a set of business ana...,30+ Days Ago,Business analysis,Anti money laundering,Banking,Agile,MS Office tools,Scrum,Training and Development,JIRA
Analytics Consultant,Wells Fargo,Not disclosed,Bengaluru,"or a BS / BA degree or higher in a quantitative field such as applied math, statistics,...",5 Days Ago,Data management,Campaign management,MS Office,Risk management,Adobe,Econometrics,Operations,Analytics
Enterprise Information Systems - Developer,Primohunt Corporate,Not disclosed,Bengaluru,Qualifiction: Graduate or Post Graduate in BE/B.Tech/MCA/MSc-IT Experience: 3 years...,30+ Days Ago,System testing,ERP,Application support,IIS,Change management,jQuery,Winforms,Application development
Quantitative Risk Analyst,DWS Group,Not disclosed,"Pune, Bengaluru","Educated to degree level in a quantitative field such physics, mathematics, statistics,...",30+ Days Ago,model validation,C++,Usage,Senior Risk Analyst,Asset management,Risk management,MATLAB,Python
Quantitative Risk Manager - Model Validation,DWS Group,Not disclosed,"Pune, Bengaluru","Educated to post-graduate degree level in a quantitative field such physics, mathematic...",30+ Days Ago,model validation,C++,Usage,Consulting,Asset management,Risk management,Monitoring,Python
Business Development Trainee,Campalin,Not disclosed,Bengaluru,Extensive cold calling (leads are provided) and sometimes lead generation is required ....,30+ Days Ago,Cold calling,Outbound,Lead generation,Sales strategy,Sales,Time management,Subject Matter Expert,MS Office
Engineer Integration Engineering,Globalfoundries,Not disclosed,Bengaluru,"Experience in high volume manufacturing, preferably in semiconductors/ electronics indu...",30+ Days Ago,Fabrication,Analytical skills,Data analysis,process integration,Metrology,Data mining,Manufacturing operations,Operations
Planner,Thepharmadaily,Not disclosed,Bengaluru,Bachelors degree in Commerce or Business Management. Benefits Preferred Skills Competit...,30+ Days Ago,E-learning,Costing,HCPCS,Coding,Project management,Pharma,Scheduling,Medical insurance
Instructional Designer,Vivusoft,Not disclosed,Bengaluru,Work on instructional design projects through the design l...,30+ Days Ago,Health insurance,Intern,Instructional design,Design development,Research,Management,Development,Health
Sales /Marketing Executive,Pranam Infotech,Not disclosed,"Allahabad, Varanasi, Gorakhpur, Kanpur, Lucknow, Bengaluru",Identify new market and new product opportunities Develop relationships with key decisi...,30+ Days Ago,Executive Sales & Marketing,Networking,Corporate,Relationship,Network Executive,Presales,Subject Matter Expert,Sales Executive
Layout Engineer - Trainee,Pravarta Labs,Not disclosed,Bengaluru,Solid understanding of electronics and semiconductor physics preferably to degree level...,30+ Days Ago,Rework,Engineer Trainee,Semiconductor,CAD,Mixed signal design,Perl,Floor planning,Virtuoso
Presales Engineer,Cleartax,Not disclosed,Bengaluru,. Role Requirements . Chartered Accountant (CA) qualification with 4+ years of signific...,30+ Days Ago,Consultative sales,ERP,Interpersonal skills,Sales,Sales Representative,Networking,Subject Matter Expert,Indirect taxation
AP Problem Resolution Process Expert - A,Capgemini,Not disclosed,Bengaluru,Role based in BSv organisation. Leveraging deepening to expert knowledge of Problem Res...,12 Days Ago,accounts payable,invoices processing,Frictionless Finance,Compliance,accounting,Desktop Procedures,Invoicing,Invoice processing
Subject Matter Expert,Equiniti India,Not disclosed,Bengaluru,Support the team deliverable by undertaking a range of roles and tasks when requiredThe...,22 Days Ago,Quality monitoring,Change management,Usage,operational support,Time management,Information security,Subject Matter Expert,Customer experience
"MC Tech Advisory, Senior Associate",RSM Us,Not disclosed,Bengaluru,"We are the leading provider of professional services to the middle market globally, ou...",30+ Days Ago,ERP,Automation,MIS,Consulting,Management consulting,Life sciences,HTML,Financial services
"Subject Matter Expert, BFS",Datamatics,Not disclosed,Bengaluru,"Minimum Bachelors degree in Finance, Business, Law, PGDBF or a related fieldAdvanced de...",4 Days Ago,business operations,retail banking,risk management,project management,data analysis,subject matter expertise,sme,pci dss
Associate SME - Cloud (Openshift),Microland,10-17 Lacs PA,Bengaluru,Candidate must have at least 6-8 years of proven experience supporting OpenShift in an ...,6 Days Ago,Openshift,Kubernetes,Cloud Migration,Cloud Infrastructure,Cloud,Migration,Infrastructure,SME
Associate SME - AIX,Microland,10-16 Lacs PA,Bengaluru,Experience using a ticket management system for work prioritization and daily workload ...,2 Days Ago,Aix,Aix Server,Unix,Unix Server,Unix Administration,Aix Administration,Serv,Server
Jr Manufacturing Associate,Endo Pharmaceuticals,Not disclosed,"Kolkata, Mumbai, New Delhi, Hyderabad, Pune, Chennai, Bengaluru",Execution of batches through DCS to achieve error free operation by following approved ...,15 Days Ago,Manufacturing Associate,Chemistry,Chemical engineering,Equity,Manufacturing,Engineering,Chemical,
Associate Technical Writer,Blue Yonder,Not disclosed,Bengaluru,Experience in conducting appropriate reviews then receives feedback and approvals from ...,19 Days Ago,Hibernate,Copy editing,Publishing,GIT,Architecture,Technical writing,RDBMS,Control system
"Associate Account Manager - Biofuels, India",Chr. Hansen India,Not disclosed,Bengaluru,"An MSc, B / M Tech, optional MBA, with minimum 0 to 5 years experience in ethanol indus...",20 Days Ago,Supply chain,DSO,Sales,Analytical,Power distribution,Genetics,Biology,CRM
Senior Analyst/Associate,Center Study Science Technology Policy,Not disclosed,Bengaluru,The Senior Analyst/Associate would work on WRF-CAMx and/or WRF-Chem modelli...,30+ Days Ago,Unix,Analyst,Data analysis,Chemistry,Linux,Programming,Data processing,high performance computing
Senior Associate/Research Scientist,Center Study Science Technology Policy,Not disclosed,Bengaluru,We are seeking early-career or aspiring scientists with expertise in atmosp...,30+ Days Ago,Data analysis,Chemistry,Packaging,Mentor,Sensors,Research Associate,Cost,Proposal development
Research Associate - Cell Line Development,Umami Bioworks,Not disclosed,"Kolkata, Mumbai, New Delhi, Hyderabad, Pune, Chennai, Bengaluru","Bachelor in Biology / Life Science, or related field with more than 5 years of relevant...",29 Days Ago,RED,Cell culture,Biotechnology,Development Manager,Biology,Research Associate,Testing,Line
"Accounting, Sr Associate",Synopsys,Not disclosed,Bengaluru,Degree or master s degree from any recognized university . Should be able to prepare an...,30+ Days Ago,MIS reporting,Payroll processing,Payroll,Journal entries,HRIS,Accounting,MIS,Statutory compliance
Subject Matter Expert,Equiniti India,Not disclosed,Bengaluru,Support the team deliverable by undertaking a range of roles and tasks when requiredThe...,30+ Days Ago,Quality monitoring,Change management,Usage,operational support,Time management,Information security,Subject Matter Expert,Customer experience
"Software Development, Sr Associate",Synopsys,Not disclosed,Bengaluru,Note : This position requires working with business users and technology teams across g...,30+ Days Ago,SAP,Data modeling,XML,Agile,HTTP,JSON,Informatica,JIRA
Junior MICC Associate,NAVITAS LIFE SCIENCES,Not disclosed,Bengaluru,Desirable Skills and Experience . 1-3 years of experience in an MICC role . Graduate or...,30+ Days Ago,Training,Coding,MedDRA,Database,HTML,Life sciences,Pharmacovigilance,Subject Matter Expert
Group Leader/Associate Group Leader,Kemio Solutions,Not disclosed,Bengaluru,Must analytically problem solve in a dynamic laboratory setting Must be able to effecti...,30+ Days Ago,Employee training,CRO,Chemistry,Financial reporting,Compliance,Analytical,Focus,Advocate
Research Associate Analytical Chemistry,Kemio Solutions,Not disclosed,"Kolkata, Mumbai, New Delhi, Hyderabad, Pune, Chennai, Bengaluru","MSc with 3-5 years of experience, having through knowledge of GMP operations and abil...",30+ Days Ago,Analytical chemistry,UPLC,GMP,Research Associate,HPLC,Chemistry,Research,Analytical
Research Associate Organic Synthesis,Kemio Solutions,Not disclosed,"Kolkata, Mumbai, New Delhi, Hyderabad, Pune, Chennai, Bengaluru",MSc in Organic Chemistry / Medicinal Chemistry with 2-3 years of experience in scale ...,30+ Days Ago,Organic synthesis,Organic chemistry,Medicinal chemistry,Research Associate,Synthesis,Research,Chemistry,
Academic Associate - Chemistry K12,Vidyalai,Not disclosed,Bengaluru,. Bachelors degree in Chemistry or an allied discipline . . Masters degree in Chemistr...,30+ Days Ago,Organic chemistry,Basic,Chemistry,Physical chemistry,Academic Associate,Teaching,Physical,Academics
Research Associate – Cell & Gene Therapy Qc (Micro),Aurigene Discovery,Not disclosed,Bengaluru,Provide scientific / technical due diligence support for business development activitie...,30+ Days Ago,molecular biology,biotechnology,pharmaceutical,research analysis,teaching,analysis,research,hplc
Research Associate – Cell & Gene Therapy – Qc (Mol Bio),Aurigene Discovery,Not disclosed,Bengaluru,Provide scientific / technical due diligence support for business development activitie...,30+ Days Ago,molecular biology,biotechnology,pharmaceutical,research analysis,teaching,analysis,research,hplc
Research Associate – Cell & Gene Therapy – Manufacturing,Aurigene Discovery,Not disclosed,Bengaluru,"Must be well-versed in cell-based assay development, flow cytometry, sorting, real-time...",30+ Days Ago,molecular biology,biotechnology,pharmaceutical,research analysis,teaching,analysis,research,hplc
Senior Research Associate,Chr. Hansen India,Not disclosed,Bengaluru,"Hint: When listing screening criteria, be mindful of being inclusive and consider candi...",21 Days Ago,Genetics,Biology,Research Associate,Recruitment,Senior,Research,,
Research Associate,Five Feed Learning Solutions Provider,Not disclosed,"Mumbai, Bengaluru","Designing experiments, simulations, or data collection methods . Analyzing data and dra...",30+ Days Ago,Training delivery,Data analysis,Literature,Corporate,Data collection,Manager Technology,Mathematics,Research Associate
PATENT ASSOCIATE - TRAINEES,D. P. Ahuja & Co.,Not disclosed,"Delhi, Pune, Chennai, Bengaluru, calcutta","PhDs, Post graduates in Electronics / Biotechnology / Chemistry or Engineering graduate...",30+ Days Ago,Training,Biotechnology,Patent prosecution,Chemistry,Electronics,Patent Associate,Patentability,Prosecution
Research Associate - Synthesis,Aragen Life Sciences Private limited,Not disclosed,Bengaluru,", with optimum usage and minimum wastage . This role is responsible for executing chemi...",30+ Days Ago,Housekeeping,Organic chemistry,Medicinal chemistry,Analytical,Quality systems,Life sciences,data integrity,Research Associate
Research Associate,Piramal Pharma Limited,Not disclosed,"Kolkata, Mumbai, New Delhi, Hyderabad, Pune, Chennai, Bengaluru",The incumbent should be well versed with general wet chemistry tests like Current Good...,30+ Days Ago,Analytical chemistry,QA,Method validation,Standard operating procedures,Management,Analytical instruments,Document control,Research Associate
Senior Research Associate - Synthesis,Aragen Life Sciences Private limited,Not disclosed,Bengaluru,", with optimum usage and minimum wastage . Maintain strict IP confidentiality and adher...",30+ Days Ago,Housekeeping,Organic chemistry,Medicinal chemistry,Usage,Analytical,Quality systems,Work permit,Life sciences
Project Associate -BICON FOUNDATION Project,St. Johns Research Institute,Not disclosed,Bengaluru,Preferred Qualifications : MSc Molecular Biology / Microbiology Bio-informatics knowled...,30+ Days Ago,Microbiology,Associate Principal,Principal Investigator,Research,Molecular biology,Bioinformatics,PCR,Project Associate
Research Associate,Bigtec,Not disclosed,Bengaluru,". QC testing and maintaining stocks of primers, probes, enzymes, buffers required for P...",30+ Days Ago,Biotechnology,Basic,QC,Chemical,Molecular biology,Troubleshooting,Research Associate,PCR
Senior Research Associate,XCyton,Not disclosed,Bengaluru,Senior Research Associate: M.Sc. in Biochemistry / Microbiology / Biotechnology with tw...,30+ Days Ago,Biotechnology,Microbiology,Cell biology,Biochemistry,Molecular biology,Senior Research Associate,Research Associate,Molecular
Research Scientists & Associates,Happiest Health,Not disclosed,Bengaluru,Possess a Master s Degree or PhD in Biotech / Biology and allied subjects. Have minimum...,30+ Days Ago,Biotechnology,Manager Technology,Biology,Research Associate,Technology,Technology management,Management,Research
Associate Scientist - Synthesis,Aragen Life Sciences Private limited,Not disclosed,Bengaluru,", with optimum usage and minimum wastage . Understand the reaction protocol and search ...",30+ Days Ago,Housekeeping,Organic chemistry,Medicinal chemistry,Usage,Project management,Analytical,Quality systems,Life sciences
Tracxn Leadership - AVP BSO - Research (5-8 years),Tracxn,Not disclosed,Bengaluru,"Top-notch academics from a Tier 1 college Abhishek Goyal (ex-Accel Partners, Amazon BT...",7 Days Ago,Market Research,Market analysis,sector specialist,Customer Experience Management,Subject Matter Expertise,Customer Interaction,Industry Research,Market Intelligence
Learning And Development Specialist,Hitachi,10-13 Lacs PA,Hybrid - Bengaluru,"Manage learner queries, providing timely and effective resolutions to ensure a positive...",13 Days Ago,LMS,Learning And Development,Learning Management,Instructional Design,E-learning,Training And Development,Training Facilitation,L&D
Lead Business Analyst(ecommerce/ Retail),Photon,Not disclosed,"Chennai, Bengaluru","Experience with Visio, Miro, or Lucidchart for creating system diagrams. Minimum 8+ Yea...",5 Days Ago,Gap Analysis,Requirement Gathering,User Stories,Brd,Storyboarding,Use Cases,Business Analytics,Wireframe
Services Product Line Manager,Mavenir,Not disclosed,"Gurugram, Bengaluru",". Role Summary . Mavenir, the Industry s Only End to End, Cloud-Native Network Service ...",4 Days Ago,Wireless,Costing,Managed services,Networking,SMS,Presales,Support services,Service marketing
Oracle HCM Fusion Core HR,Birlasoft,Not disclosed,Bengaluru,. Postgraduate or . Well versed with HCM technology landscape and how integrated solut...,5 Days Ago,Process design,Functional Lead,HCM,Project management,Cloud,Data quality,Management,Core HR
Inside Sales Executive,Indecomm,Not disclosed,Remote,Open to working in USA shifts as per Eastern Standard Time (05:30 PM 2:30 AM IST)Bachel...,4 Days Ago,Inside Sales,US,Lead Generation,SAAS,Cold Calling,US Mortgage,Software Sales,IT Sales
Flutter Developer,Trigent Software,15-20 Lacs PA,Bengaluru,Position: C2H( Contract to Hire)Experience: 5+ Years Role: Flutter DeveloperMandate: Fl...,8 Days Ago,Flutter,Swift,Dart,Kotlin,Flutter Development,Development,,
Software Engineer,Allegion,Not disclosed,Bengaluru,"Responsible for designing, developing and maintaining software solutions for new an...",5 Days Ago,Product management,Software design,Front end,Architecture,Javascript,Agile,Application development,HTML
HR - Compensation and Benefits,CGI Information Systems And Management Consultants,Not disclosed,Hybrid - Bengaluru,"HR - Compensation and BenefitsThe Compensation Systems Manager is a data investigator, ...",5 Days Ago,Compensation And Benefits,Total Rewards,Global Compensation,Rewards,Benefits,Hrsd,Benefits,Global
Software Apps Sr. Architect Technologist - Semiverse,Lam Research,Not disclosed,Bengaluru,Preferred Qualifications,6 Days Ago,CFD,Fabrication,Semiconductor,Data analysis,Process optimization,DFT,Simulation,Data modeling
MBD Developer with Emb C & MIL/SIL Testing,Cyient,Not disclosed,Bengaluru,Requirement Management System egPreferred Skills /Experience,6 Days Ago,simulink,algorithms,application software,c++,canoe,unit testing,networking,stateflow
Supply chain SME,Birlasoft,Not disclosed,"Hybrid - Noida, Pune, Bengaluru",The Manufacturing Subject Matter Expert (SME) - Job Description Supply Chain SME Past ...,7 Days Ago,Supply Chain,SME,Manufacturing,Supply,,,,
Software Development Engineer,Accenture,Not disclosed,Bengaluru,Minimum 2 year(s) of experience is required. Educational Qualification : 15 years full ...,7 Days Ago,software development,sap abap development,sap hana,sap abap,abap,c#,c++,python
Application Developer,Accenture,Not disclosed,Bengaluru,Minimum 3 year(s) of experience is required. Educational Qualification : 15 years full ...,7 Days Ago,javascript,react.js,node,debugging,mongodb,redux,rest,css
Application Developer,Accenture,Not disclosed,Bengaluru,Minimum 3 year(s) of experience is required. Educational Qualification : 15 years full ...,7 Days Ago,pega platform,application development,case management,pega,api,pega prpc,css,project management
Customer Service Representative,Accenture,Not disclosed,Bengaluru,Project Role :Customer Service RepresentativeProject Role Description :Provide function...,7 Days Ago,networking protocols,articulate,enterprise network operations,documentation tools,network design,nexus,networking concepts,tool development
Application Developer,Accenture,Not disclosed,Bengaluru,. 15 years full time educationAdditional InformationA Prior experience with 1 or more O...,7 Days Ago,team handling,presentation skills,oracle hcm cloud,oracle apps technical,talent management,project management,oracle,oracle core hr
HR Service Delivery Senior Analyst,Accenture,Not disclosed,Bengaluru,Skill required: Talent Acquisition - Talent SourcingDesignation: HR Service Delivery Se...,7 Days Ago,hr service delivery,workday,customer service,talent sourcing,talent acquisition,employee relations,hrsd,human resource management
Application Lead,Accenture,Not disclosed,Bengaluru,Minimum 5 year(s) of experience is required. Educational Qualification : 15 years full ...,7 Days Ago,networking concepts,active directory management,vmware administration,protocols,windows operating system,security compliance,vmware,microsoft azure
Program/Project Management Lead,Accenture,Not disclosed,Bengaluru,Minimum 12 year(s) of experience is required. Educational Qualification : 15 years full...,7 Days Ago,operations management,technical support,financial management,customer service,client servicing,it projects,service delivery,solution delivery
Application Developer,Accenture,Not disclosed,Bengaluru,"Project Role :Application DeveloperProject Role Description :Design, build and configur...",7 Days Ago,react.js,mongodb,javascript,node,statistics,redux,algorithms,css
Software Development Engineer,Accenture,Not disclosed,Bengaluru,Minimum 3 year(s) of experience is required. Educational Qualification : 15 years full ...,7 Days Ago,software development,distribution,sap presales,sap s hana,writing content,capl scripting,software testing,deploying code
Application Developer,Accenture,Not disclosed,Bengaluru,"Project Role :Application DeveloperProject Role Description :Design, build and configur...",7 Days Ago,sap s hana,sap cpi,sap abap,cpi,abap,bdc,seeburger,web services
Software Development Engineer,Accenture,Not disclosed,Bengaluru,Minimum 3 year(s) of experience is required. Educational Qualification : 15 years full ...,7 Days Ago,performance tuning,sap bw,data modeling,sap hana,hana data modeling,bdc,software development,sap
Software Development Engineer,Accenture,Not disclosed,Bengaluru,"Project Role :Software Development EngineerProject Role Description :Analyze, design, c...",7 Days Ago,web services,javascript,angular,git,microsoft front end development,c#,rest,net fullstack
Software Development Engineer,Accenture,Not disclosed,Bengaluru,"Project Role :Software Development EngineerProject Role Description :Analyze, design, c...",7 Days Ago,sap,sap abap development,troubleshooting,debugging,sap abap,c++,css,software development
Software Development Engineer,Accenture,Not disclosed,Bengaluru,"Project Role :Software Development EngineerProject Role Description :Analyze, design, c...",7 Days Ago,pyspark,machine learning,machine learning algorithms,statistics,data munging,algorithms,python,software development
Software Development Engineer,Accenture,Not disclosed,Bengaluru,Minimum 3 year(s) of experience is required. Educational Qualification : 15 years full ...,7 Days Ago,software development,sap,software testing,troubleshooting,sap plant maintenance,c#,c++,python
Software Development Engineer,Accenture,Not disclosed,Bengaluru,"Project Role :Software Development EngineerProject Role Description :Analyze, design, c...",7 Days Ago,git,software development,net mvc,javascript,asp,css,jquery,sql
Software Development Engineer,Accenture,Not disclosed,Bengaluru,Minimum 3 year(s) of experience is required. Educational Qualification : 15 years full ...,7 Days Ago,pyspark,machine learning,machine learning algorithms,statistics,data munging,algorithms,python,software development
Responsible AI Advisor,Accenture,Not disclosed,Bengaluru,Project Role :Responsible AI AdvisorProject Role Description :Develop strategies to ens...,7 Days Ago,management consulting,business analytics,machine learning,artificial intelligence,data science,risk management,python,project management
Responsible AI Advisor,Accenture,Not disclosed,Bengaluru,Project Role :Responsible AI AdvisorProject Role Description :Develop strategies to ens...,7 Days Ago,management consulting,business analytics,machine learning,artificial intelligence,data science,risk management,python,project management
Customer Service Representative,Accenture,Not disclosed,Bengaluru,Project Role :Customer Service RepresentativeProject Role Description :Provide function...,7 Days Ago,information technology,articulate,enterprise network operations,documentation tools,network design,tcp,prtg,nagios
Customer Service Representative,Accenture,Not disclosed,Bengaluru,Project Role :Customer Service RepresentativeProject Role Description :Provide function...,7 Days Ago,information technology,enterprise network operations,documentation tools,network design,articulate,prtg,nexus,nagios
Software Development Engineer,Accenture,Not disclosed,Bengaluru,Minimum 3 year(s) of experience is required. Educational Qualification : 15 years full ...,7 Days Ago,performance tuning,sql,plsql,database creation,oracle procedural language,oracle,software development,version control
Systems Engineering Practitioner,Accenture,Not disclosed,Bengaluru,Minimum 2 year(s) of experience is required. Educational Qualification : 15 years full ...,7 Days Ago,wireless technologies,documentation tools,system integration,ms visio,network design,switching,gsm,technical writing
Topic Advisory Manager (L7) â€“ Sourcing & Procurement: Indirect,Accenture,Not disclosed,Bengaluru,Must be flexible with working hours to meet shifting business needsHere is what you nee...,7 Days Ago,spend management,business development,sourcing,sales,procurement,strategic sourcing,global sourcing,purchase
Application Lead,Accenture,Not disclosed,Bengaluru,"Project Role Description : Lead the effort to design, build and configure applications,...",7 Days Ago,eam,plant maintenance,sap plant maintenance,asset,performance management,project management,sap,techno functional
GN - SONG - Service - Sprinklr â€“ Analyst,Accenture,Not disclosed,Bengaluru,The Strategy & Consulting Global Network SONG Practice | Sprinklr Join our team of SONG...,7 Days Ago,adobe analytics,ssas,ci/cd,business intelligence,sprinklr,digital marketing,data analysis,google adwords
Sr Process Analyst - Finance and Administration Delivery,IBM,Not disclosed,Bengaluru,Willingness to perform duties in varying shifts. Required Technical and Professional Ex...,8 Days Ago,accounts payable,vendor performance management,accounting,procure to pay,finance process,financial analysis,contract management,sap
Solution Consultant: Cloud Solutions,IBM,Not disclosed,Bengaluru,The practitioner should have experience in project solutioning on at least one of these...,8 Days Ago,kubernetes,redhat openshift,ibm cloud,microsoft azure,aws,container,openshift,redhat linux
Product Manager - Healthcare,Infosys,Not disclosed,Bengaluru,"MBA, MCA, MTech, BCA, BTech, Bachelor of Engineering . Service Line Act as a thought le...",8 Days Ago,software product management,Product documentation,team management,Billing,Agile,Product Engineering,Market Analysis,Team
Java Project Manager,Infosys,Not disclosed,Bengaluru,"MTech, MCA, Bachelor Of Computer Science, Bachelor Of Technology, Bachelor Of CompAppli...",8 Days Ago,Java,estimation methodologies,quality processes,project management,agile methodology,Estimation Methodology,Project,Quality Process
Software Development Engineer,Accenture,Not disclosed,Bengaluru,"Project Role :Software Development EngineerProject Role Description :Analyze, design, c...",8 Days Ago,sap,sap abap development,troubleshooting,sap abap,abap,c++,css,software development
Service Delivery Ops Senior Analyst,Accenture,Not disclosed,Bengaluru,Qualifications: Any Graduation . Years of Experience: 5 to 8 years Perform other duties...,8 Days Ago,project management,service delivery,supply chain management,logistics operations,delivery operations,operations management,logistics management,team management
Software Development Engineer,Accenture,Not disclosed,Bengaluru,"Project Role :Software Development EngineerProject Role Description :Analyze, design, c...",8 Days Ago,software development,sap,mdg,sap master data governance,writing content,sap project management,software testing,cin
HR Service Delivery Analyst - HR Operations,Accenture,Not disclosed,Bengaluru,Qualifications:Any Graduation Skill required:HR Operations - HR Delivery Strategy Must ...,8 Days Ago,job analysis,root cause analysis,hr operations,recruitment,relationship management,project management,operations management,hro
IT Customer Service Representative,Accenture,Not disclosed,Bengaluru,Minimum 5 year(s) of experience is required. Educational Qualification : 15 years full ...,8 Days Ago,networking concepts,conference management,plsql,sql,devops,kubernetes,continuous integration,ci/cd
STA/ Timing Lead Engineer,"Qualcomm Technologies, Inc",Not disclosed,Bengaluru,"Bachelors degree in Computer Science, Electrical / Electronics Engineering, Engineering...",7 Days Ago,Automation,ASIC,Simulation,RF,FPGA,Technical writing,Analog,Packaging
Senior Specialist,Merck,Not disclosed,Bengaluru,We are seeking a versatile Technical Writer and Software Tester who can manage both th...,7 Days Ago,Computer science,Manager Quality Assurance,Linux,Technical writing,Visual Studio,Test cases,Unit testing,software quality
Security Track Specialist,Hexaware Technologies,Not disclosed,"Kolkata, Mumbai, New Delhi, Hyderabad, Pune, Chennai, Bengaluru","Bachelors degree in Computer Science, Information Technology, or a related fieldMinimum...",7 Days Ago,Computer science,Cism,Compliance,IT security,Powershell,Subject Matter Expert,Management,Troubleshooting
Security Track Consultant,Hexaware Technologies,Not disclosed,"Kolkata, Mumbai, New Delhi, Hyderabad, Pune, Chennai, Bengaluru","Bachelors degree in Computer Science, Information Technology, or a related fieldProven ...",7 Days Ago,Computer science,Usage,Networking,Resource allocation,Subject Matter Expert,Troubleshooting,microsoft,IT asset management
Consultant (L9) Sourcing & Procurement: Indirect Spend Management,Accenture,Not disclosed,Bengaluru,Must be flexible with working hours to meet shifting business needsHere is what you nee...,8 Days Ago,management consulting,business development,sourcing,sales,procurement,project management,business strategy,business analysis
GN - SONG - Service - Genesys - Consultant,Accenture,Not disclosed,"Mumbai, Chennai, Bengaluru",MBA from a tier 1 institute A minimum 2 years of experience working with Customer Servi...,8 Days Ago,gvp,customer service operations,genesys framework,assessment,gre,gsm,genesys,project management
GN - SONG - Service - Sprinklr Senior Manager,Accenture,Not disclosed,"Mumbai, Chennai, Bengaluru",MBA from a tier 1 institute A minimum of 8 years of experience working with Customer Se...,8 Days Ago,service management,customer service,customer service operations,assessment,sprinklr,digital marketing,operations management,adobe analytics
Sr Process Analyst - Finance and Administration Delivery,IBM,Not disclosed,Bengaluru,Willingness to perform duties in varying shifts. Required Technical and Professional Ex...,8 Days Ago,accounts payable,vendor performance management,accounting,procure to pay,finance process,financial analysis,contract management,sap
Software Development Engineer,Accenture,Not disclosed,Bengaluru,"Project Role :Software Development EngineerProject Role Description :Analyze, design, c...",8 Days Ago,software development,amazon rds,amazon ec2,aws,cloud computing,continuous integration,kubernetes,python
Software Development Engineer,Accenture,Not disclosed,Bengaluru,"Project Role :Software Development EngineerProject Role Description :Analyze, design, c...",8 Days Ago,rest,software development,sql,spring boot,java,algorithms,css,software testing
Quality Auditing Analyst,Accenture,Not disclosed,Bengaluru,Please note that this role may require you to work in rotational shiftsQualifications: ...,8 Days Ago,quality audit,auditing,quality management,quality improvement,root cause,capa,apqp,quality control
Application Developer,Accenture,Not disclosed,Bengaluru,"Project Role :Application DeveloperProject Role Description :Design, build and configur...",8 Days Ago,machine learning,business intelligence,machine learning algorithms,statistics,data munging,algorithms,python,c
Application Automation Engineering Senior Analyst,Accenture,Not disclosed,Bengaluru,Skill required: Tech for Operations - Customer Technical SupportDesignation: Senior Ana...,8 Days Ago,supply chain,ticketing tools,application support,software engineering,scripting languages,python,data analytics,enterprise applications
Analytics and Modeling Senior Analyst,Accenture,Not disclosed,Bengaluru,"BASIC QUALIFICATIONS (BULLETS). Education- Bachelors / Masters in Statistics, Mathemati...",8 Days Ago,data analytics,secondary research,predictive modeling,hr analytics,machine learning algorithms,advanced analytics,python,data analysis
Application Developer,Accenture,Not disclosed,Bengaluru,"Project Role :Application DeveloperProject Role Description :Design, build and configur...",8 Days Ago,java,kafka,machine learning algorithms,statistics,data munging,algorithms,data services,python
Learning Advisor,Accenture,Not disclosed,Bengaluru,Educational Qualification : 15 years full time education15 years full time education Pr...,8 Days Ago,digital content,market research,content development,learning management,software development methodologies,tacl,needs assessment,team management
Quality Auditing Analyst,Accenture,Not disclosed,Bengaluru,Please note that this role may require you to work in rotational shiftsQualifications: ...,8 Days Ago,quality audit,quality control,auditing,assurance,quality management,capa,apqp,qc management
Program Manager,IBM,Not disclosed,Bengaluru,"Introduction At IBM, our Project Managers excel by leading and coordinating a project ...",8 Days Ago,project management,project management process,technical program management,product development,agile,mainframes,management skills,program management
Sales Origination Practitioner,Accenture,Not disclosed,"Pune, Bengaluru",Project Role :Sales Origination PractitionerProject Role Description :Orchestrate and l...,8 Days Ago,microsoft azure iaas,sales strategy,microsoft azure,sales,microsoft azure architecture,c#,css,dreamweaver
Sales Origination Practitioner,Accenture,Not disclosed,"Pune, Bengaluru",Must have skills : Sales Pursuit ManagementMinimum 15 year(s) of experience is required...,8 Days Ago,microsoft azure,sales process,sales,microsoft azure architecture,html,c#,css,dreamweaver
Tech Delivery & Op Excellence Lead,Accenture,Not disclosed,Bengaluru,Educational Qualification : Bachelors degree. Summary :As a Tech Delivery & Op Excellen...,8 Days Ago,project management,process consulting,process implementation,operational excellence,process definition,six sigma,process excellence,cmmi
Learning Advisor,Accenture,Not disclosed,Bengaluru,Educational Qualification : 15 years full time education15 years full time education Pr...,8 Days Ago,digital content,business development,market research,learning management,software development methodologies,tacl,needs assessment,team management
Software Development Engineer,Accenture,Not disclosed,Bengaluru,"Project Role :Software Development EngineerProject Role Description :Analyze, design, c...",8 Days Ago,java,git,rest,software development,spring boot,algorithms,css,unit testing
Technology Educator,Accenture,Not disclosed,Bengaluru,Project Role :Technology EducatorProject Role Description :Instrumental in keeping tech...,8 Days Ago,presentation skills,power bi,professional development,tableau,sap bw,soft skills,training,teaching
GN_SAP Platform _ Resources â€“ MU Integration Lead_ CL6,Accenture,Not disclosed,Bengaluru,"S&C GN SAP Platform- Manager, Senior ManagerFind endless opportunities to solve our cli...",8 Days Ago,sap,presentation skills,sales,sap platform,sap s hana,general ledger accounting,master data,accounts payable
GN_SAP Platform _ Products â€“ MU Integration Lead_ CL6,Accenture,Not disclosed,Bengaluru,"S&C GN SAP Platform- Manager, Senior ManagerFind endless opportunities to solve our cli...",8 Days Ago,sap,presentation skills,sales,sap platform,sap s hana,general ledger accounting,master data,accounts payable
"PRINCIPAL, SOFTWARE ENGINEER",Walmart,Not disclosed,Bengaluru,Drives the execution of multiple business plans and projects by identifying customer an...,8 Days Ago,Procurement,System architecture,ERP,Automation,Web technologies,Networking,Coding,Consulting
Lead Business Accountability Specialist,Wells Fargo,Not disclosed,"Hyderabad, Bengaluru",Previous issue management experience . Experience Experience partnering with Independen...,8 Days Ago,Administration,Manager Internal Audit,Manager Quality Assurance,Excel,Branch banking,Issue resolution,Risk management,Operations
Portfolio Coordinator,Wells Fargo,Not disclosed,Bengaluru,Candidate must be willing to work in shifting schedule depending on business needDegree...,9 Days Ago,Loans,US GAAP,Financial reporting,Financial analysis,CRE,Macros,Portfolio management,Operations
OT Security,PwC India,Not disclosed,"Pune, Bengaluru, Mumbai (All Areas)",You will work as part of the Cybersecurity practitioners with extensive consulting and ...,8 Days Ago,OT Security,Cyber,GICSP,Grid,OT,Security,,
Oracle Apex Developer,Oracle,Not disclosed,"Hybrid - Noida, Hyderabad, Bengaluru",You enjoy contributing to multiple projects simultaneously and can shift focus fast Dev...,8 Days Ago,Data Migration,Data Loader,Oracle Apex,Apex Programming,Customization,PLSQL,Triggers,Oracle Workflow
Bid Manager,Pace Digitek Pvt Ltd,15-20 Lacs PA,Bengaluru,We seek an efficient and skilled bid manager to join our team at Pace Digitek Private L...,10 Days Ago,Bid Management,Government Tender,Negotiation,Proposal Management,Proposal Writing,Proposals,Management,Bidding
Technical Writer (Software Documentation),TEKsystems,6-15 Lacs PA,Bengaluru(Whitefield),Qualifications Bachelors Degree in computer science or related field.3-9 Year of profes...,8 Days Ago,DITA,Technical Writing,SDLC,Madcap Flare,Adobe Acrobat,Agile Methodology,Oxygen,XML
HR Service Delivery Analyst,Accenture,Not disclosed,Bengaluru,Qualifications: Any Graduation . Years of Experience: 3 to 5 years To perform this job ...,11 Days Ago,employee relations,recruitment,onboarding,human resource management,hr operations,hr transformation,payroll,performance management
HR Service Delivery Analyst,Accenture,Not disclosed,Bengaluru,Skill required: Talent Acquisition - Document CollectionDesignation: HR Service Deliver...,11 Days Ago,hr service delivery,workday,customer service,talent acquisition,recruitment,employee relations,hrsd,human resource management
Software Development Engineer,Accenture,Not disclosed,Bengaluru,Minimum 2 year(s) of experience is required. Educational Qualification : 15 years full ...,11 Days Ago,sap,system architecture,sap basis,sap basis administration,abap,software development,microsoft azure,file system
Technology Educator,Accenture,Not disclosed,Bengaluru,Contribute to course content development and creation of questions for certification an...,11 Days Ago,performance tuning,sql,plsql,database creation,oracle procedural language,oracle,training,teaching
Software Development Engineer,Accenture,Not disclosed,Bengaluru,Minimum 2 year(s) of experience is required. Educational Qualification : 15 years full ...,11 Days Ago,sap,system architecture,sap basis,sap basis administration,abap,software development,microsoft azure,file system
Application Developer,Accenture,Not disclosed,Bengaluru,Minimum 3 year(s) of experience is required. Educational Qualification : 15 years full ...,11 Days Ago,kubernetes,docker,gcp,devops,terraform,continuous integration,rest,python
Software Development Engineer,Accenture,Not disclosed,Bengaluru,"Project Role :Software Development EngineerProject Role Description :Analyze, design, c...",11 Days Ago,salesforce lightning,unit testing,salesforce,git,salesforce dx,css,c++,jquery
Application Lead,Accenture,Not disclosed,Bengaluru,"Project Role Description : Lead the effort to design, build and configure applications,...",11 Days Ago,c#,android,robotics,unity3d,unreal engine,3d modeling,3ds max,virtual reality
Program/Project Management Lead,Accenture,Not disclosed,Bengaluru,Project Role :Program/Project Management LeadProject Role Description :Lead business an...,11 Days Ago,microsoft azure,technology solutions,pmp,agile,workplace,resource management,change management,budgeting
IT Service Management Senior Analyst,Accenture,Not disclosed,Bengaluru,Please note that this role may require you to work in rotational shifts Bachelors degre...,11 Days Ago,azure data lake,datafactory,identity management,azure storage,microsoft azure security,data security,data integrity,database administration
Software Development Engineer,Accenture,Not disclosed,Bengaluru,Minimum 3 year(s) of experience is required. Educational Qualification : 15 years full ...,11 Days Ago,sap hana technical architecture,landscape design,db administration,hana db,sap hana,software development,performance tuning,database administration
Business Transformation Specialist,Accenture,Not disclosed,Bengaluru,Please note that this role may require you to work in rotational shifts Qualifications ...,11 Days Ago,nas,dbms,gen,business transformation,patent research,non voice process,bloomberg,blackline
Content Development Representative,Accenture,Not disclosed,Bengaluru,"Professional & Technical Skills: Bachelors or masters degree in instructional design, e...",11 Days Ago,instructional design principles,adult learning,instructional design,microsoft office suite,content development,storyboarding,talent management,ilt
Knowledge Management Lead,Accenture,Not disclosed,Bengaluru,"Professional & Technical Skills: Bachelors or masters degree in instructional design, e...",11 Days Ago,project management,instructional design principles,microsoft office suite,content development,lms,storyboarding,articulate storyline,adult learning
Pursuit Writing Specialist,Accenture,Not disclosed,Bengaluru,Qualifications: Any Graduation . Years of Experience: 7 to 11 years Contribute to and p...,11 Days Ago,sales,creative writing,content development,content writing,internet,digital marketing,content editing,content management
Application Lead,Accenture,Not disclosed,Bengaluru,"Project Role :Application LeadProject Role Description :Lead the effort to design, buil...",11 Days Ago,data cleansing,data quality,data modeling,data governance,informatica mdm,c#,asp.net mvc,data management
Software Development Lead,Accenture,Not disclosed,Bengaluru,Project Role :Software Development LeadProject Role Description :Lead cross-functional ...,11 Days Ago,project management,software development,software engineering,advanced embedded,system engineering,c#,c++,python
Data Platform Engineer,Accenture,Not disclosed,Bengaluru,Minimum 12 year(s) of experience is required. Educational Qualification : 15 years full...,11 Days Ago,python,microsoft azure,pyspark,data architecture,data modeling,hive,continuous integration,data analysis
Service Management Lead,Accenture,Not disclosed,Bengaluru,Project Role :Service Management LeadProject Role Description :Lead the delivery of pro...,11 Days Ago,presentation skills,critical incident management,ms office products,data center operations,itil,oracle,ftp,solarwinds
Solution Architect,Accenture,Not disclosed,Bengaluru,Minimum 12 year(s) of experience is required. Educational Qualification : BE / B TechQu...,11 Days Ago,enovia,scrum,3dexperience,agile,delmia,product strategy,project management,ux
AI / ML Engineer,Accenture,Not disclosed,Bengaluru,Technical Experience :A:End to end knowledge of Life Cycle of ML Model B:Use of Python ...,11 Days Ago,python,machine learning,deep learning,etl,ml,image processing,chatbot,c++
Application Developer,Accenture,Not disclosed,Bengaluru,"Project Role :Application DeveloperProject Role Description :Design, build and configur...",11 Days Ago,re framework,file processing,web technologies,uipath orchestrator,error handling,python,erp,microsoft - robotic process automation
AI / ML Engineer,Accenture,Not disclosed,Bengaluru,Must have skills : Machine Learning. Good to have skills : NAMinimum 8 year(s) of exper...,11 Days Ago,python,pyspark,machine learning,mysql,etl,hive,chatbot,vertica
Technology Educator,Accenture,Not disclosed,Bengaluru,Project Role :Technology EducatorProject Role Description :Instrumental in keeping tech...,11 Days Ago,microsoft azure,docker,software development life cycle,devops,agile methodology,continuous integration,kubernetes,python
Software Development Engineer,Accenture,Not disclosed,Bengaluru,"Project Role :Software Development EngineerProject Role Description :Analyze, design, c...",11 Days Ago,microsoft azure,cloud platforms,docker,devops,aws,continuous integration,kubernetes,python
Software Development Engineer,Accenture,Not disclosed,Bengaluru,"Project Role :Software Development EngineerProject Role Description :Analyze, design, c...",11 Days Ago,css,sql,software development,microsoft azure architecture,.net,c++,microsoft asp.net,sharepoint
Application Developer,Accenture,Not disclosed,Bengaluru,Minimum 3 year(s) of experience is required. Educational Qualification : 15 years full ...,11 Days Ago,data analysis,workday,software development,hcm,workday core hcm,workday integration,workday functional,web services
Application Support Engineer,Accenture,Not disclosed,Bengaluru,Project Role :Application Support EngineerProject Role Description :Act as software det...,11 Days Ago,service management processes,unified communications,call flow,protocols,customer handling,isdn,networking,technical support
Application Support Engineer,Accenture,Not disclosed,Bengaluru,Minimum 3 year(s) of experience is required. Educational Qualification : 15 Years of fu...,11 Days Ago,service management processes,unified communications,call flow,avaya,customer handling,networking,sql,technical support
Responsible AI Advisor,Accenture,Not disclosed,Bengaluru,Project Role :Responsible AI AdvisorProject Role Description :Develop strategies to ens...,11 Days Ago,risk management,python,data analysis,recruitment,sales,project management,employee engagement,natural language processing
Responsible AI Advisor,Accenture,Not disclosed,Bengaluru,Project Role :Responsible AI AdvisorProject Role Description :Develop strategies to ens...,11 Days Ago,management consulting,business analytics,machine learning,artificial intelligence,data science,risk management,python,project management
Application Support Engineer,Accenture,Not disclosed,Bengaluru,Minimum 5 year(s) of experience is required. Educational Qualification : 15 years full ...,11 Days Ago,san,storage area network,cloud infrastructure,vmax,netapp,nas,data domain,storage domain
Solution Architect,Accenture,Not disclosed,Bengaluru,Project Role :Solution ArchitectProject Role Description :Own the overall solution blue...,12 Days Ago,presales,sales,solution design,selling,rfp,project management,oracle,information technology
AI / ML Engineer,Accenture,Not disclosed,Bengaluru,Project Role Description : Develops applications and systems that utilize AI to improve...,12 Days Ago,c++,java,machine learning algorithms,python,machine learning,hive,vertica,pyspark
Application Lead,Accenture,Not disclosed,Bengaluru,Preferred to have any Adobe analytics paid certification Good to Have Skills : No Techn...,12 Days Ago,adobe analytics,aep,digital analytics,presentation skills,sdk,analytics tool,aes,sql
Application Lead,Accenture,Not disclosed,Bengaluru,"Project Role :Application LeadProject Role Description :Lead the effort to design, buil...",12 Days Ago,adobe analytics,aep,campaign analytics,presentation skills,sdk,analytics tool,sql,plsql
Advance Lead Engineer - Fleet Management,GE India Ltd,Not disclosed,Bengaluru,Qualifications / Requirements: . Bachelors Degree in Engineering Statistics Machine Lea...,11 Days Ago,Interpersonal skills,Data management,Analytical,Machine learning,Agile,MATLAB,Statistics,Analytics
SAP Successfactors Security Consultant,Repucom,Not disclosed,Bengaluru,Bachelor s Degree or equivalent work experienceMinimum 6 to 8 years technical knowledge...,11 Days Ago,Security audit,remediation,Change management,operational support,LMS,Performance management,Social media,Data collection
Senior Diagnostic System Engineer-BMS,Volvo Penta,Not disclosed,Bengaluru,Automotive System engineering . diagnostic system development and system fault handling...,11 Days Ago,Powertrain,Mechatronics,ISO,Analytical,Construction equipment,System design,Management,Simulink
Design Engineer-II,Becton Dickinson,Not disclosed,Bengaluru,-Not Applicable-. Primary Work Location IND Bengaluru - Technology Campus. Additional L...,12 Days Ago,Process design,Supply chain,System architecture,Aerospace,Risk assessment,CAD,Product design,Risk management
IT Project Management Professional,Infosys,Not disclosed,Bengaluru,Bachelor of Engineering . Service Line Good understanding of SDLC and agile methodologi...,12 Days Ago,IT Project Management,Java,Automation testing,architecture frameworks,agile methodologies,Selenium,SDLC,project planning
Lead Security Analyst,Repucom,Not disclosed,Bengaluru,Provide oversight of tier 1 security operation activities that includes triage and esca...,12 Days Ago,Networking,Social media,Analytical,Scheduling,Vulnerability,Forensic,Vulnerability management,Operations
Lead Data Science Consultant,Wells Fargo,Not disclosed,Bengaluru,This role is for Deposit Product Analytics team within CDAI team and you will be respon...,12 Days Ago,Analytical,Machine learning,Econometrics,Forecasting,Operations,Financial services,Monitoring,SQL
Lead Business Execution Administrator,Wells Fargo,Not disclosed,Bengaluru,Ensure that projects operate with maximum efficiency . 6+ years of Administrative Supp...,12 Days Ago,remediation,Administration,Regulatory compliance,Customer support,Subject matter expertise,JIRA,Operations,Monitoring
Senior Data Science Consultant,Wells Fargo,Not disclosed,Bengaluru,This role is for Deposit Product Analytics team within CDAI team and you will be respon...,12 Days Ago,Data analysis,Automation,Analytical,Econometrics,Operations,Financial services,Monitoring,SQL
Senior Quality System Specialist,Becton Dickinson,Not disclosed,Bengaluru,"Medical affairs, regional complaint centers, RD, sourcing team etc. . Primary Work Loca...",12 Days Ago,Medical affairs,Medical devices,ISO,Quality systems,Process improvement,Regulatory compliance,Customer complaints,Subject Matter Expert
CLO / Browzwear Designer (Garments) @ Bengaluru,Shahi,Not disclosed,Bengaluru(Arekere +1),Experience: 6-11 Years. Qualification: Graduation. Required skills. Should have good kn...,7 Days Ago,3D Designing,Browzwear,Clo,3D,Design,Garments,,
Business Transformation Consultant: Sustainability,IBM,Not disclosed,Bengaluru,"At IBM, we know that transformation drives change, and it is in our DNA to continuously...",14 Days Ago,python,project management,quality assurance,business transformation,target,sustainable development,renewable energy,limestone
UX Designer,IBM,Not disclosed,Bengaluru,Thomas J. Watson said it best: Good design is good business. Visualization is critical ...,14 Days Ago,ux,market analysis,story writing,product management,stakeholder management,user interface designing,articulate,photoshop
Industry Consultant: Industry.Banking,IBM,Not disclosed,Bengaluru,A career in IBM Consulting is rooted by long-term relationships and close collaboration...,14 Days Ago,software development,root cause analysis,problem analysis,calypso,troubleshooting,oracle,investment banking,written and oral communication
AMM Author,Capgemini,Not disclosed,Bengaluru,Completes own role independently or with minimum supervision,14 Days Ago,mechanical systems Design,Project Management,Mechanical Physical Engineering,AutoCAD,CATIA V5,Static Stress Analysis,Stakeholder Management,Project
Full Stack Developer,IBM,Not disclosed,Bengaluru,Your Role and ResponsibilitiesWe are looking for a Full Stack developer to join a globa...,14 Days Ago,kubernetes,javascript,react.js,data structures,graphql,rest,algorithms,fullstack development
Sr Process Analyst - Finance and Administration Delivery,IBM,Not disclosed,Bengaluru,Required Technical and Professional Expertise . Minimum of 4-6 years of experience in R...,14 Days Ago,financial analysis,accounting,bank accounting,r2r,record to report,erp,accounts payable,sap
GN_SAP Platform _ Products - Delivery Lead_ CL6,Accenture,Not disclosed,Bengaluru,"S&C GN SAP Platform Manager, Senior ManagerFind endless opportunities to solve our clie...",14 Days Ago,presentation skills,sales,product delivery,sap platform,sap s hana,general ledger accounting,accounts payable,oracle
Community Manager,IBM,Not disclosed,Bengaluru,to academia: . Community Program Design: Community of student ambassadors who drive eng...,14 Days Ago,digital marketing,marketing,program management,community management,community engagement,community development,project management,social media marketing
GN_SAP Platform _ CMT - Delivery Lead_ CL6,Accenture,Not disclosed,Bengaluru,"S&C GN SAP Platform Manager, Senior ManagerFind endless opportunities to solve our clie...",14 Days Ago,presentation skills,accounting,sales,sap platform,sap s hana,general ledger accounting,sap,supply chain
GN_SAP Platform _ Products - Enterprise SA_ CL6,Accenture,Not disclosed,Bengaluru,"S&C GN SAP Platform Manager, Senior ManagerFind endless opportunities to solve our clie...",14 Days Ago,presentation skills,sales,sap platform,sap s hana,client relationship management,emerging technologies,general ledger accounting,business improvement
Business Transformation Consultant: Sustainability,IBM,Not disclosed,Bengaluru,"At IBM, we know that transformation drives change, and it is in our DNA to continuously...",14 Days Ago,python,project management,quality assurance,business transformation,target,sustainable development,renewable energy,limestone
Industry Consultant: Industry.Banking,IBM,Not disclosed,Bengaluru,"Required Technical and Professional Expertise . BE B Tech in any stream, MSc (Computer ...",14 Days Ago,software development,root cause analysis,problem analysis,calypso,troubleshooting,oracle,investment banking,written and oral communication
GN_SAP Platform _ Products - Delivery Lead_ CL6,Accenture,Not disclosed,Bengaluru,"S&C GN SAP Platform Manager, Senior ManagerFind endless opportunities to solve our clie...",14 Days Ago,SAP,SAP HANA,SAP led transformations,RFP,SAP S/4HANA,SAP S Hana,Delivery,Saps
GN_SAP Platform _ Resources - Delivery Lead_ CL6,Accenture,Not disclosed,"Mumbai, Pune, Bengaluru","S&C GN SAP Platform Manager, Senior ManagerFind endless opportunities to solve our clie...",14 Days Ago,presentation skills,accounting,sales,sap platform,sap s hana,general ledger accounting,sap,supply chain
GN_SAP Platform _ Products - Enterprise SA_ CL6,Accenture,Not disclosed,"Mumbai, Gurugram, Bengaluru","S&C GN SAP Platform Manager, Senior ManagerFind endless opportunities to solve our clie...",14 Days Ago,presentation skills,sales,sap platform,sap s hana,client relationship management,emerging technologies,general ledger accounting,business improvement
GN_SAP Platform _ Products - Delivery Lead_ CL6,Accenture,Not disclosed,"Mumbai, Gurugram, Bengaluru","S&C GN SAP Platform Manager, Senior ManagerFind endless opportunities to solve our clie...",14 Days Ago,presentation skills,sales,product delivery,sap platform,sap s hana,general ledger accounting,accounts payable,oracle
Software Development Engineer,Accenture,Not disclosed,Bengaluru,"Required active participation / contribution in team discussionsPerform maintenance, en...",14 Days Ago,machine learning,devops,machine learning algorithms,statistics,data munging,algorithms,python,software development
Software Development Engineer,Accenture,Not disclosed,Bengaluru,Minimum 3 year(s) of experience is required. Educational Qualification : 15 years full ...,14 Days Ago,software development,unit testing,application software testing,sap pp,production planning,python,regression testing,manual testing
Software Development Engineer,Accenture,Not disclosed,Bengaluru,"Project Role :Software Development EngineerProject Role Description :Analyze, design, c...",14 Days Ago,performance tuning,sap abap development,troubleshooting,sap hana,sap abap,continuous integration,sap,software development
Software Development Engineer,Accenture,Not disclosed,Bengaluru,"Project Role :Software Development EngineerProject Role Description :Analyze, design, c...",14 Days Ago,performance tuning,sap abap development,troubleshooting,sap hana,sap abap,continuous integration,sap,software development
Technology Educator,Accenture,Not disclosed,Bengaluru,Contribute to course content development and creation of questions for certification an...,14 Days Ago,python,machine learning,machine learning algorithms,statistics,data munging,power bi,training,teaching
Solution Architect,Accenture,Not disclosed,Bengaluru,Project Role :Solution ArchitectProject Role Description :Translate client requirements...,14 Days Ago,python,google,cloud platform,gcp,platform architecture,kubernetes,technical leadership,enterprise architecture
Content Developer,IBM,Not disclosed,Bengaluru,Not only will you help develop and test critical product Required Technical and Profess...,15 Days Ago,xml,devops,agile,dita,development life cycle,github,software development,software testing
Technology Educator,Accenture,Not disclosed,Bengaluru,Project Role :Technology EducatorProject Role Description :Instrumental in keeping tech...,15 Days Ago,PowerBI,soft skills,professor activities,power bi,teaching,training,mentoring,professional development
Solution Architect,Accenture,Not disclosed,Bengaluru,Willingness to work flexible hours to meet proposal deadlinesAdditional Info : Qualific...,15 Days Ago,presales,sales,solution design,selling,rfp,project management,oracle,information technology
Offering Development Lead,Accenture,Not disclosed,Bengaluru,Project Role :Offering Development LeadProject Role Description :Develop and deliver of...,15 Days Ago,project management,talent management,content development,stakeholder management,leadership development,quality control,hrsd,training
AI / ML Engineer,Accenture,Not disclosed,Bengaluru,Project Role Description : Develops applications and systems that utilize AI to improve...,15 Days Ago,c++,java,machine learning algorithms,python,machine learning,hive,vertica,pyspark
Application Developer,Accenture,Not disclosed,Bengaluru,Minimum 3 year(s) of experience is required. Educational Qualification : 15 Years of fu...,15 Days Ago,software development,javascript,sql,html,sap hybris commerce,css,sap,hybris
Application Support Engineer,Accenture,Not disclosed,Bengaluru,Minimum 5 year(s) of experience is required. Educational Qualification : 15 Years of fu...,15 Days Ago,service management processes,unified communications,call flow,protocols,customer handling,networking,technical support,servicenow
Offering Development Lead,Accenture,Not disclosed,Bengaluru,Minimum 12 year(s) of experience is required. Educational Qualification : Masters degre...,15 Days Ago,risk management,project management,hcm cloud,talent management,stakeholder management,bi publisher,oracle,subject matter expertise
Application Developer,Accenture,Not disclosed,Bengaluru,Minimum 3 year(s) of experience is required. Educational Qualification : 15 years full ...,15 Days Ago,ssi,sap,hrsd,sap hcm,abap,unit testing,investment banking,capital market
Application Developer,Accenture,Not disclosed,Bengaluru,A 15 years full time education is required Qualification 15 years full time educationAd...,15 Days Ago,team handling,oracle hcm,presentation skills,oracle hcm cloud,payroll,oracle payroll,bi publisher,oracle
Solution Architect,Accenture,Not disclosed,Bengaluru,Project Role :Solution ArchitectProject Role Description :Translate client requirements...,15 Days Ago,technical leadership,information technology,sales force development,salesforce,design patterns,project management,business analysis,user stories
Software Development Engineer,Accenture,Not disclosed,Bengaluru,Minimum 3 year(s) of experience is required. Educational Qualification : 15 years full ...,15 Days Ago,pyspark,machine learning,machine learning algorithms,statistics,data munging,algorithms,python,software development
"Analyst II, Technology Operations",Walmart,Not disclosed,Bengaluru,"Willing to work in rotational shifts, including PST hours Outlined below are the requir...",14 Days Ago,Computer science,Networking,Project management,Information security,SEZ,Google AdWords,Troubleshooting,Information technology
Instructional Designer,Mphasis,7-9 Lacs PA,Bengaluru,Competency Requirement (with desired proficiency level): . Educational Requirement: . m...,14 Days Ago,Instructional Design,Training Needs,Content,Articulate,Storyboarding,Articulate Storyline,Design,Training
Process Coach,AkzoNobel,Not disclosed,"Bangalore Rural, Bengaluru",Work with the central Master Data teams and System Support Experts on the master data u...,13 Days Ago,Supply Chain Planning,Supply Chain Operations,Planning,Operations,Supply,Supply planning,Coaching,Process
Junior Analyst / Analyst,TUV India Pvt. Ltd.,Not disclosed,"Bangalore Rural, Bengaluru",Preferred candidate profile . Language preference - Bangaluru,5 Days Ago,Food Analysis,GCMSMS,LCMSMS,Chemistry,Analytical Chemistry,Inorganic Chemistry,Testing,Organic Chemistry
Process Engineer - Flow Chemistry,Syngene,Not disclosed,Bengaluru,"Education: Bachelors or Masters in Chemical Engineering, Chemistry, or a related field....",19 Days Ago,Flow Chemistry,Process Engineering,Chemical Engineering,Flow process development,Chemistry,Flow,Process,Process development
Nursing Aide,Business Standard,Not disclosed,Bengaluru,Business-standard.com is looking for Nursing Aide to join our dynamic team and embark o...,30+ Days Ago,molecular biology,medical equipment,us healthcare,microbiology,critical care,nursing,infection control,hospital administration
Cockpit AR/CV Algorithm Developer,Global Pharma Tek,Not disclosed,Bengaluru,"Skill Set - QNX, C++, Camera application development C/C++, camera algorithms (Interior...",25 Days Ago,matlab,python,c++,3d,2d,dsp,algorithms,c
Manager – Regulatory Compliance & Procurement,Absolute,Not disclosed,Bengaluru,"Qualifications: . bachelors degree in food science/ technology, Chemistry, or related f...",28 Days Ago,Procurement,Product quality,Manager Quality Assurance,Pharma,Regulatory compliance,Cosmetics,Manager Quality Control,FMCG
Project Technical Support - III,St. Johns Research Institute,Not disclosed,Bengaluru,Postpartum Breast (PPBC) cancer is a unique subtype affecting young women who develop b...,4 Days Ago,Investigation,Principal Investigator,Life sciences,Research,Molecular biology,Technical support,III,Project
Project Research Scientist,St. Johns Research Institute,Not disclosed,Bengaluru,Preferred Qualifications: PhD with post doc experience is preferred in molecular biolog...,4 Days Ago,Investigation,Principal Investigator,Research,Molecular biology,Project,Biology,Molecular,
Data Analyst,Drishtee,Not disclosed,"Varanasi, Bengaluru",. Bachelors in Mathematics or BTech in Computer Engineering . 2+ Years Data Mining Expe...,4 Days Ago,ERP,Usage,Data management,Business reporting,Database management,Management systems,MIS,Data Analyst
Data Scientist - 3,Acko,Not disclosed,Bengaluru,"Pilot robust experiments and create mechanisms to evaluate model efficacy, pioneering e...",5 Days Ago,deep learning,data science,Analytical,Machine learning,Mathematics,Customer experience,Open source,SQL
Individual Contributor / Specialist,KK Wind Solutions,Not disclosed,Bengaluru,KK Wind Solutions is looking for Individual Contributor / Specialist to join our dynami...,6 Days Ago,bed,tgt,teaching english,pharmaceutical,mathematics,investment banking,tutoring,medicine
Business Analyst Lead (Squad Beta),Axa Technology Services,Not disclosed,Bengaluru,"Prepare detailed functional specifications, user stories, process flows, and system doc...",6 Days Ago,Business process,Computer science,Automation,Business Analyst,Underwriting,Analytical,Agile,Business strategy
Senior Lecturer Mathematics,RV Educational Institutions,7-8 Lacs PA,"Mysuru, Bengaluru",Role: Senior Lecturer - Mathematics . Industry Type: Education . Department: Mathematic...,6 Days Ago,JEE Advanced,JEE Main,NEET UG & KCET Coaching,Coaching,JEE,Main,Mathematics,JEE Technologies
"Senior Lecturer, Chemistry",RV Educational Institutions,Not disclosed,"Mysuru, Bengaluru",. Role: Senior Lecturer - Chemistry. Industry Type: Education . Department: Chemistry. ...,6 Days Ago,JEE Advanced,JEE Main,NEET UG & KCET Coaching,Coaching,UG,Main,JEE,JEE Technologies
Embedded Engineer,Evobi Automations,Not disclosed,Bengaluru(Electronic City),"the differences between them and how they are read, written, accessedThe candidate shou...",7 Days Ago,Embedded C,Microcontroller,Linux Driver,Mathematical Analysis,Linux,Analysis,Embedded systems,Drives
Senior Data and Analytics Solution Architect,Kimberly-Clark Corporation,Not disclosed,Bengaluru,This role is perfect for a developer passionate about leveraging cutting-edge technol...,8 Days Ago,Performance tuning,Data migration,DTS,Data management,Flex,Agile,Scrum,Stored procedures
"Senior Manager, Microsoft Technical Architect",Conduent,Not disclosed,Bengaluru,Experience with Platform as a Service (PaaS) offerings . MS Cloud Certified Architect ....,11 Days Ago,Technical Architect,System architecture,Linux,SOA,Information security,Agile,Windows,Middleware
Manager - Cyber Security,Mphasis,Not disclosed,Bengaluru,". Bachelors degree in Computer Science, Information Security, or a related fieldRelevan...",15 Days Ago,cloud security,cyber security,data security,GCP,Information security,Network security,Subject Matter Expert,Security operations
Private Banker-First Private,IDFC FIRST Bharat,Not disclosed,"Kolkata, Mumbai, New Delhi, Hyderabad, Pune, Chennai, Bengaluru",Provide a seamless banking experience from a product and interpersonal point of view . ...,18 Days Ago,Relationship management,Service delivery,Engineering management,Customer satisfaction,Team development,Banking,Regulatory compliance,Manager Technology
Sales Manager-Gold Loan,IDFC FIRST Bharat,Not disclosed,Bengaluru,The role entails the responsibility of generating Gold loan business through differen...,21 Days Ago,Loans,Gold loan,loan sales,Manager Technology,Commerce,UPS,Biology,Management
Senior MACHINE LEARNING ENGINEER,Tata Technologies,Not disclosed,Bengaluru,"Experience with hyperparameter tuning and RAG architecture . Ability to lead projects, ...",30+ Days Ago,Computer science,Version control,GIT,Architecture,Coding,Neural networks,Cloud Services,Machine learning
Junior MACHINE LEARNING ENGINEER,Tata Technologies,Not disclosed,Bengaluru,Experience level : 3- 5 Years relevant experience Skillset for junior ML EngineerBachel...,30+ Days Ago,algorithms,python,data validation,natural language processing,mathematics,neural networks,microsoft azure,machine learning
Sales Manager-Gold Loan,IDFC FIRST Bharat,Not disclosed,"Hubli, Mangaluru, Mysuru, Bengaluru, Belgaum",Role/Job Title Sales Manager - Gold Loan Function/ Department Retail As...,25 Days Ago,Loans,Gold loan,loan sales,Manager Technology,Commerce,UPS,Biology,Management
Territory Manager-LFRMR,IDFC FIRST Bharat,Not disclosed,Bengaluru,Recommend improvements to processes and policies across the Retail Banking business to ...,26 Days Ago,Loans,Retail banking,Manager Technology,Consumer durables,Commerce,Biology,Customer service,Management
Debt Manager-Flows-Business Loan,IDFC FIRST Bharat,Not disclosed,Bengaluru,"The role bearer has the responsibility to plan, organize, direct and oversee the acti...",30+ Days Ago,MIS reporting,EMI,Business loan,collections process,Legal,Manager Technology,Commerce,Biology
Educational Specialist,Educational Initiatives (EI),Not disclosed,Bengaluru,Should have excellent subject knowledge Should have excellent written and oral communi...,30+ Days Ago,Basic,Mathematics,Research,Management,Teaching,Testing,Education,Software testing
Manager -Content Development - Mindspark Vernacular,Educational Initiatives (EI),Not disclosed,Bengaluru,Assessing areas of training for the team and developing training modules totrain people...,30+ Days Ago,Training,Team management,Senior management,Mathematics,Management,Research,Troubleshooting,Content development
"Tax Processing Expert, AVP",Deutsche Bank,Not disclosed,Bengaluru,Ensure all end of day activities are completed successfully including preparation of da...,26 Days Ago,Tax Processing,AML,Compliance,KYC,regulatory Compliance,change management,Taxation,Change
SAP GTS Expert,Merck,Not disclosed,Bengaluru,"In addition, a deeper understanding of OTC, P2P and I2O processes (incl . TM and EWM) a...",30+ Days Ago,ERP,SAP,Excise,Compliance management,GTS,German,EDI,Risk management
Regional Mobility Expert,Siemens,Not disclosed,Bengaluru,Provide guidance and support to managers on mobility of talent when required . Communic...,30+ Days Ago,Data analysis,Change management,Compliance,Resource allocation,Taxation,Management,Budgeting,Risk management
Process Expert - Opportunity To Cash,Siemens,Not disclosed,Bengaluru,Bachelor s degree in relevanttechnical eldDevelop content in alternativemedia forms for...,30+ Days Ago,Business services,Data migration,Usage,XML,Siemens,Research,User experience design,Technical support
Process Expert - Opportunity To Cash,Siemens,Not disclosed,Bengaluru,Bachelor s degree in relevanttechnical eldDevelop content in alternativemedia forms for...,30+ Days Ago,Business services,Data migration,Usage,XML,Siemens,Research,User experience design,Technical support
Sr Associate Engineer,gf,Not disclosed,Bengaluru,"Flexible in work days and timings with shifts ranging from early mornings, late evening...",1 Day Ago,Fabrication,Root cause analysis,Statistical process control,Basic,Semiconductor,SPC,Electronics,Troubleshooting
Sr Associate Eng Process Engineering,gf,Not disclosed,Bengaluru,"for creating reports, documenting procedures, and root cause analysis . Clear reporting...",1 Day Ago,Fabrication,Root cause analysis,Statistical process control,Basic,Semiconductor,SPC,Electronics,Manager Technology
Hiring _Subject Matter Expert with AI or ML,IT MNC,Not disclosed,"Hyderabad, Chennai, Bengaluru",2 Subject Matter Expert SME with combination AI or ML,1 Day Ago,AI,ML,Subject Matter Expertise,SME,Hiring,Subject,Artificial Intelligence,
Associate Product Manager,Vervent,30-35 Lacs PA,Bengaluru,Position Requirements: . Bachelors degree preferred and / or 1-3 years equivalent work ...,1 Day Ago,Product Management,Fintech,Vendor Management,us financial,Payment Systems,Vendor,Management,System
Shipping Subject Matter Expert (SME),Rarr Technologies,Not disclosed,Bengaluru,"Extensive experience (typically 15+ years) within the Transportation industry, In-dept...",1 Day Ago,Maritime,Analytical,Cost management,Subject Matter Expert,Management,Freight,Shipping,Costing
Regulatory Control Analyst - Associate,DWS Group,Not disclosed,Bengaluru,Experience . Must be a graduate with any stream with at least 6-7 years experience in A...,1 Day Ago,remediation,Due diligence,Excel,Senior Analyst,Finance,Anti money laundering,Banking,Subject Matter Expert
Associate Manager - Strategic Product Sales,Razorpay,Not disclosed,Bengaluru,Candidates from the payment industry will be preferred but not mandatory. . . Work expe...,9 Days Ago,Product management,Loans,Penetration,Sales,Consulting,Product sales,Subject Matter Expert,B2B Sales
Oracle DBA,Oracle,Not disclosed,"Hybrid - Pune, Bengaluru, Delhi / NCR",Participates in weekend rotation and shifts The Engineer should have good hands on expe...,19 Days Ago,RAC,Oracle DBA,Golden Gate,Dataguard,Exadata,OEM,RMAN,Oracle
USI R&FA | EH |Model Risk Management- Stat |ASA,Deloitte,Not disclosed,"Chennai, Gurugram, Bengaluru","Position Summary About At Deloitte, we do not offer you just a job, but a career in the...",20 Days Ago,Risk Management,R,data extraction,SAS,data mining,MATLAB,Python,Risk
Scm Technical Consultant,Oracle,Not disclosed,"Hyderabad, Bengaluru",Work with development to incorporate tools into the application (shift left industry fo...,28 Days Ago,Technical,SCM,SOA,Oracle Fusion,Scm Modules,Oracle Fusion Middleware,Technical SCM,Oracle Cloud
Trust & Safety Analyst,Accenture,Not disclosed,Bengaluru,Qualifications: Any Graduation The Trust and Safety offering within Accenture Operation...,15 Days Ago,online content,editing,safety analysis,moderation,content writing,digital marketing,content editing,teaching
Software Development Engineer,Accenture,Not disclosed,Bengaluru,"Project Role : Software Development EngineerProject Role Description : Analyze, design,...",15 Days Ago,nestjs,software development,system testing,javascript,node,bus,web services,swagger
Software Development Engineer,Accenture,Not disclosed,Bengaluru,"Project Role : Software Development EngineerProject Role Description : Analyze, design,...",15 Days Ago,css,salesforce lightning,web development,visualforce,agile,jquery,apex,sql
Data Architect,Accenture,Not disclosed,Bengaluru,Project Role : Data ArchitectProject Role Description : Define the data requirements an...,15 Days Ago,microsoft azure,database design,data architecture principles,data modeling,design principles,python,data management,oracle
Application Designer,Accenture,Not disclosed,Bengaluru,Project Role : Application DesignerProject Role Description : Assist in defining requir...,15 Days Ago,application design,sql,python,microsoft azure,design principles,c++,hibernate,microservices
DevSecOps Engineer,IBM,Not disclosed,Bengaluru,Your Role and ResponsibilitiesSoftware Developers at IBM are the backbone of our strate...,15 Days Ago,container,kubernetes,docker,devops,microsoft azure,continuous integration,docker container,ibm cloud
GN_SAP Platform _ Resources - Cross Functional SME_ CL7,Accenture,Not disclosed,Bengaluru,"S&C GN SAP Platform Manager, Senior ManagerFind endless opportunities to solve our clie...",15 Days Ago,presentation skills,accounting,sales,sap platform,sap s hana,sap,supply chain,gap analysis
WAS Administrator,Infosys,Not disclosed,Bengaluru,ResponsibilitiesSolid expertise with administrating IBM WebSphere Application Servers ...,15 Days Ago,WAS administration,Java,Infrastructure Server Administration,performance tuning,WebSphere Application Server,OpenShift,Kubernetes,Performance
DevSecOps Engineer,IBM,Not disclosed,Bengaluru,Your Role and ResponsibilitiesSoftware Developers at IBM are the backbone of our strate...,15 Days Ago,container,kubernetes,sip protocol,docker,devops,continuous integration,docker container,python
GN_SAP Platform _ Products - Cross Functional SME_ CL7,Accenture,Not disclosed,Bengaluru,"S&C GN SAP Platform Manager, Senior ManagerFind endless opportunities to solve our clie...",15 Days Ago,presentation skills,accounting,sales,sap platform,sap s hana,sap,supply chain,gap analysis
GN_SAP Platform _ CMT - Enterprise SA_ CL6,Accenture,Not disclosed,Bengaluru,"S&C GN SAP Platform Manager, Senior ManagerFind endless opportunities to solve our clie...",15 Days Ago,presentation skills,sales,sap platform,sap s hana,client relationship management,emerging technologies,general ledger accounting,business improvement
DTC Email Marketing Specialist,Contactpoint 360,Not disclosed,Bengaluru,"Track and report on daily weekly, monthly, quarterly, and annual performance for all ch...",15 Days Ago,Klaviyo,Google Analytics,Marketing Automation,Shopify,Email marketing,Analytics,Marketing,Automation
Derivative pricing-Model Validation || Immediate Joiners,Evalueserve,Not disclosed,"Hybrid - Gurugram, Bengaluru",Qualifications: . A masters or bachelors degree in applied quantitative discipline (e.g...,6 Days Ago,derivatives,Market Risk,Black Scholes model,Stochastic Calculas,Python,C++,VAR,volatility model
Manager - Data Privacy,Zeta Inc.,Not disclosed,Bengaluru,Thorough understanding of various Data privacy regulations and privacy concepts . Priva...,30+ Days Ago,Computer science,Automation,ISO,Bfsi,Risk assessment,ISO 27001,Incident management,Stakeholder management
TFL - Trade Professional - NCT,Deutsche Bank,Not disclosed,Bengaluru,Flexible to work in late night shiftsYour skills and experience Good understanding of l...,17 Days Ago,TFL,UCP,product services,trade operation,URC,ICC,Product service,Servicing
Principal Consultant - Finacle Consulting,Infosys,Not disclosed,Bengaluru,Great learning experience with greater responsibilities from strategy to executionExper...,17 Days Ago,Finacle Consulting,SAP,FinOne,Customer Relationship Management,Oracle GL,JAIIB,CAIIB,CFA
Senior Vulnerability Analyst_ Deputy Manager,_VOIS,Not disclosed,Bengaluru,Industry recognized security certifications like CEH - Ethical Hacking CertificationSho...,17 Days Ago,Open VAS,Metaspolit framework,Retina,NMAP,Nessus,2FA,Sandbox,VMWARE
TFL - Trade - NCT,Deutsche Bank,Not disclosed,Bengaluru,Flexible to work in late night shiftsYour skills and experience Good understanding of l...,18 Days Ago,Trade Finance Operations,branch operations,operational risks,finance operations,compliance,customer service,operation team,sales
Principal Change Analyst,Deutsche Bank,Not disclosed,Bengaluru,Apply a structured methodology and lead change management activities to create a strate...,18 Days Ago,Master Data Management,project management,pmp,delivery management,scrum master,investment banking,business analysis,reference data
Program/Project Management Lead,Accenture,Not disclosed,Bengaluru,Minimum 12 year(s) of experience is required. Educational Qualification : 15 years full...,18 Days Ago,Project Management,operations management,technical support,it projects,service delivery,financial management,customer service,client servicing
Solution Architect,Accenture,Not disclosed,Bengaluru,Minimum 12 year(s) of experience is required. Educational Qualification : Full time edu...,18 Days Ago,presales,sales,solution design,selling,rfp,project management,oracle,information technology
Application Lead,Accenture,Not disclosed,Bengaluru,"Project Role :Application LeadProject Role Description :Lead the effort to design, buil...",18 Days Ago,process design,sap mm materials management,procure to pay,sap procurement,build management,sap,pay,p2p
Application Developer,Accenture,Not disclosed,Bengaluru,"Project Role Description : Design, build and configure applications to meet business pr...",18 Days Ago,stakeholder management,mes,3dexperience,delmia,abap,c#,css,oracle
AI / ML Engineer,Accenture,Not disclosed,Bengaluru,Project Role Description : Develops applications and systems that utilize AI to improve...,18 Days Ago,chatbot,natural language processing,artificial intelligence,deep learning,data science,image processing,data analysis,neural networks
Infrastructure Architect,Accenture,Not disclosed,Bengaluru,Experience in support and management of the Citrix Webinterfaces and Storefornt server ...,18 Days Ago,citrix xenapp,xendesktop,desktop,desktop administration,citrix,public cloud,cloud application development,vmware
Responsible AI Advisor,Accenture,Not disclosed,Bengaluru,Project Role :Responsible AI AdvisorProject Role Description :Develop strategies to ens...,18 Days Ago,management consulting,business analytics,machine learning,artificial intelligence,data science,risk management,python,project management
Senior Consultant - Finacle Consulting,Infosys,Not disclosed,"Mumbai, Pune, Bengaluru",Great learning experience with greater responsibilities from strategy to executionExper...,18 Days Ago,Finacle Consulting,Wealth Management,configuration,Requirement Gathering,Process Modeling,API,Trade Finance,business operations
Application Developer,Accenture,Not disclosed,Bengaluru,"Project Role : Application DeveloperProject Role Description : Design, build and config...",19 Days Ago,tosca testsuite,c++,software development,soa,devops,tosca,c#,continuous integration
Software Development Engineer,Accenture,Not disclosed,Bengaluru,"Project Role : Software Development EngineerProject Role Description : Analyze, design,...",19 Days Ago,software development,oracle apps technical,sql,writing content,oracle fusion middleware,oracle,deploying code,teacher training
Application Tech Support Practitioner,Accenture,Not disclosed,Bengaluru,Project Role : Application Tech Support PractitionerProject Role Description : Act as t...,19 Days Ago,recovery,netbackup,installation,nextgen,dc,us healthcare,dbms,emr
Application Tech Support Practitioner,Accenture,Not disclosed,Bengaluru,Project Role : Application Tech Support PractitionerProject Role Description : Act as t...,19 Days Ago,recovery,netbackup,installation,nextgen,dc,us healthcare,dbms,emr
Application Lead,Accenture,Not disclosed,Bengaluru,"Project Role : Application LeadProject Role Description : Lead the effort to design, bu...",19 Days Ago,software testing,agile testing,etl testing,selenium,agile,uft,automation testing,manual testing
Software Development Engineer,Accenture,Not disclosed,Bengaluru,"Project Role : Software Development EngineerProject Role Description : Analyze, design,...",19 Days Ago,software development,java,data governance,troubleshooting,requirement analysis,c#,python,css
Tech Delivery & Op Excellence Lead,Accenture,Not disclosed,Bengaluru,Project Role : Tech Delivery & Op Excellence LeadProject Role Description : Work with p...,19 Days Ago,risk compliance,project management,auditing,service delivery,operational excellence,risk management,operations management,team management
ESG - GTC,Capco,Not disclosed,"Kolkata, Mumbai, New Delhi, Hyderabad, Pune, Chennai, Bengaluru",We are looking for a highly skilled ESG Subject Matter Expert (SME) with experience...,18 Days Ago,Delivery excellence,Senior management,Analytical,Project management,Management consulting,Issue resolution,Subject Matter Expert,Subject matter expertise
Engineer- Mechanical Component (FEA Analyst),Baker Hughes,Not disclosed,Bengaluru,Have Masters in Mechanical Engineering or other related discipline from premier institu...,18 Days Ago,Solid mechanics,FEA,ISO,Design review,Risk control,Ansys,FEA Analyst,Finite element analysis
Senior Project Leader,Infineon,Not disclosed,Bengaluru,At least 5 years of professional experience related including 3 yearsof leading project...,18 Days Ago,Electrical engineering,ASIC,Project management,WCS,IC design,Silicon,Project planning,Management
Project Manager,Infineon,Not disclosed,Bengaluru,"A degree in Electrical Engineering, Physics, Microelectronics orsimilar . At least 6 ye...",18 Days Ago,Electrical engineering,ASIC,Matrix,Project management,IC design,Silicon,Project planning,Management
Marcom Manager,Marriott,Not disclosed,Bengaluru,The Marketing and Communications Manager is part of an important team that creates a...,19 Days Ago,Hospitality,Content management,Public relations,advertising agency,Direct marketing,Email marketing,Social media,Account management
Senior Engineer Design,Infineon,Not disclosed,Bengaluru,"A Masters Degree in Electrical\/Electronic Engineering, Physics or equivalent field of ...",30+ Days Ago,Manager Quality Assurance,Analog,Circuit designing,Mixed signal,CAD,Tool design,Silicon,Physical design
DevOps Architect,Nokia,Not disclosed,Hybrid - Bengaluru,"Desirable to have experience with containerization technologies like Docker, Kubernetes...",19 Days Ago,DevOps,Jenkins,PowerShell,Docker,DevSecOps,OpenShift,CI/CD,AI/ML algorithms
DevOps Architect,Nokia,Not disclosed,Hybrid - Bengaluru,"Desirable to have experience with containerization technologies like Docker, Kubernetes...",19 Days Ago,DevOps,Jenkins,PowerShell,Yocto,groovy,Gerrit,CI/CD,Bash
TFL - Trade - NCT Professional,Deutsche Bank,Not disclosed,Bengaluru,Flexible to work in late night shiftsYour skills and experience Good understanding of l...,19 Days Ago,Trade Finance Operations,compliance,legal,operational risk management,credit,Finance Operation,Operational risk,Finance
Regulatory Operations Analyst,Deutsche Bank,Not disclosed,Bengaluru,Must be prepared to work in a shift in line with regions supported Power platform skill...,20 Days Ago,Regulatory Operations,Transaction Monitoring,operations management,operational risk management,cash operations,SWIFT,Cash Management,Risk
Model Risk Management - Senior Manager,Deloitte,Not disclosed,"Chennai, Gurugram, Bengaluru",The Team Regulatory & Legal ServicesWe help organizations in their efforts to achieve r...,20 Days Ago,Risk Management,FRM,Risk Planning,Model Risk Management,CQF,CFA,CRM,Management
HRT - UKG Implementation,Deloitte,Not disclosed,"Chennai, Gurugram, Bengaluru",The key skills required are as follows: . Bachelors Degree Masters in Human Resource Ma...,20 Days Ago,HR Service Delivery,functional specifications,HR Shared Services,data conversion,human capital,hr strategy,HR Transformation,business analysis
SAP -FICO-Manager,Pricewaterhouse Coopers Private Limited,Not disclosed,Bengaluru,"Responsibilities . As a Manager, you ll work as part of a team of problem solvers with ...",20 Days Ago,SAP CO,SAP,Asset accounting,SAP implementation,Project management,Management consulting,risk consulting,SAP FI
HSE Resource (Fitout Projects),CBRE,Not disclosed,Bengaluru,Minimum 2 years of experience required in construction industry with exposure in Inter...,19 Days Ago,fitout,safety,hse,Project,Resource,,,
Inviting Applications-Market Risk/Counterparty Credit Risk-Kol/GGN/BLR,Genpact,Not disclosed,"Hybrid - Bangalore/ Bengaluru, Kolkata, Gurgaon/ Gurugram",Domain Market Risk/Counter party credit RiskFunction: BCM – Data & Advanced AnalyticsL...,19 Days Ago,SAS,Model validation,market risk,counterparty credit risk,FRTB,SR 11-7,Stress Testing,R
Principal Engineer,GIC R&D Healthcare Company,Not disclosed,Hybrid - Bengaluru,"Bachelors or higher engineering degree in Electrical / Electronics, Bio-medical, or rel...",20 Days Ago,System Engineering,Embedded Systems,System Design,System Architecture,Engineering,Design,Architecture,System
Ecosystem Sourcing Analyst,Accenture,Not disclosed,Bengaluru,Cisco Renewal Manager Certification. You May Also Need:* Must be flexibile with work ho...,20 Days Ago,microsoft office suite,sales,sourcing,r,cisco,contract management,project management,c++
Service Management Lead,Accenture,Not disclosed,Bengaluru,Minimum 5 year(s) of experience is required. Educational Qualification : 15 years full ...,20 Days Ago,service management,itil framework,cloud native,incident management,scom,nagios,microsoft azure,problem management
Program/Project Management Lead,Accenture,Not disclosed,Bengaluru,Minimum 12 year(s) of experience is required. Educational Qualification : 15 years full...,20 Days Ago,operations management,technical support,financial management,customer service,client servicing,it projects,service delivery,solution delivery
Manager - Senior Solution Architect - IT Infrastructure + Azure,Deloitte,Not disclosed,Bengaluru,You will be an experienced Solution Architect with the ability to interpret business fu...,20 Days Ago,Azure,cloud,solution designs,infrastructure architectures,IT infrastructure,networking,ITIL,IT service management
Application Lead,Accenture,Not disclosed,Bengaluru,Minimum 5 year(s) of experience is required. Educational Qualification : 15 years full ...,20 Days Ago,networking concepts,active directory management,vmware administration,protocols,windows operating system,vcenter server,security compliance,performance tuning
Software Development Engineer,Accenture,Not disclosed,Bengaluru,"Project Role :Software Development EngineerProject Role Description :Analyze, design, c...",20 Days Ago,software development,digital signage,microsoft azure,networking,microsoft teams,c#,python,project management
Instructional Design - Consultant,Deloitte,Not disclosed,"Chennai, Gurugram, Bengaluru","Want to help clients overcome their people challenges, develop their change management ...",20 Days Ago,Instructional Design,Change Management,uPerform,UPK,SAP,Adobe Captivate,Workday,Articulate Storyline
Sr. Analyst - SAP OpenText VIM,Deloitte,Not disclosed,"Hyderabad, Pune, Bengaluru",Qualifications Required: Bachelors degree in Commerce or Computer Science or MBA / MCA ...,20 Days Ago,SAP OpenText VIM,OpenText VIM,scrum Methodology,Vendor Invoice Management,SAP AP process,VIM workflow scenarios,Analysis,Ap
Application Lead,Accenture,Not disclosed,Bengaluru,Minimum 5 year(s) of experience is required. Educational Qualification : Bachelors degr...,20 Days Ago,css,server side,salesforce marketing cloud,html,node.js,android,bootstrap,jquery
Operations Engineer,Accenture,Not disclosed,Bengaluru,Qualifications 15 years full time educationCandidate must be good in preparing technica...,20 Days Ago,networking concepts,vmware,disaster recovery,protocols,windows operating system,security compliance,kubernetes,cisco ucs
Operations Engineer,Accenture,Not disclosed,Bengaluru,Qualifications 15 years full time educationCandidate must be good in preparing technica...,20 Days Ago,networking concepts,vmware,disaster recovery,protocols,windows operating system,security compliance,kubernetes,cisco ucs
Application Lead,Accenture,Not disclosed,Bengaluru,Project Role :Application LeadProject Role Description :Must have skills :Informatica M...,20 Days Ago,data cleansing,data quality,data modeling,data governance,informatica mdm,c#,asp.net mvc,data management
Software Development Engineer,Accenture,Not disclosed,Bengaluru,Minimum 2 year(s) of experience is required. Educational Qualification : 15 years full ...,20 Days Ago,sap,java,system architecture,sap basis,sap basis administration,software development,microsoft azure,file system
Software Development Engineer,Accenture,Not disclosed,Bengaluru,Minimum 2 year(s) of experience is required. Educational Qualification : 15 years full ...,20 Days Ago,sap,performance tuning,angular,sap basis,sap basis administration,software development,oracle,dbms
Enterprise Technology Architect,Accenture,Not disclosed,Bengaluru,Project Role :Enterprise Technology ArchitectProject Role Description :Support sales te...,20 Days Ago,data management,oracle,oracle core hr,technology architecture,oracle cloud,oracle payroll,project management,program management
Software Development Engineer,Accenture,Not disclosed,Bengaluru,"Project Role :Software Development EngineerProject Role Description :Analyze, design, c...",20 Days Ago,performance tuning,database administration,db administration,hana db,sap hana,software development,oracle,dbms
Software Development Engineer,Accenture,Not disclosed,Bengaluru,"Project Role :Software Development EngineerProject Role Description :Analyze, design, c...",20 Days Ago,data services,microsoft azure,machine learning algorithms,statistics,data munging,algorithms,python,software development
HC- HRT SAP- Consultant (Technical/Functional),Deloitte,Not disclosed,"Chennai, Gurugram, Bengaluru",Deloitte is looking for candidates having functional experience in at least two of the ...,20 Days Ago,SAP,SuccessFactors,SAP HCM,LMS,HCM,Configuration,Process improvement,Employee Central
Application Developer,Accenture,Not disclosed,Bengaluru,"Project Role :Application DeveloperProject Role Description :Design, build and configur...",20 Days Ago,re framework,file processing,web technologies,uipath orchestrator,error handling,python,erp,microsoft - robotic process automation
Application Developer,Accenture,Not disclosed,Bengaluru,"Project Role :Application DeveloperProject Role Description :Design, build and configur...",20 Days Ago,re framework,file processing,web technologies,uipath orchestrator,error handling,python,erp,microsoft - robotic process automation
Program/Project Management Lead,Accenture,Not disclosed,Bengaluru,Minimum 15 year(s) of experience is required. Educational Qualification : 15 years full...,20 Days Ago,project management,byod,aad,autopilot,adfs,resource management,microsoft azure,technology solutions
Application Developer,Accenture,Not disclosed,Bengaluru,"Project Role :Application DeveloperProject Role Description :Design, build and configur...",20 Days Ago,sap popi,software engineering,api,sap,pi,seeburger,web services,sap cloud platform
Software Development Engineer,Accenture,Not disclosed,Bengaluru,Minimum 2 year(s) of experience is required. Educational Qualification : 15 years full ...,20 Days Ago,sybase database administration,db administration,dr testing,hana db,sap basis administration,sap,software development,software testing
Responsible AI Advisor,Accenture,Not disclosed,Bengaluru,Project Role :Responsible AI AdvisorProject Role Description :Develop strategies to ens...,20 Days Ago,management consulting,business analytics,machine learning,artificial intelligence,data science,risk management,python,project management
Responsible AI Advisor,Accenture,Not disclosed,Bengaluru,Project Role :Responsible AI AdvisorProject Role Description :Develop strategies to ens...,20 Days Ago,management consulting,business analytics,fs,artificial intelligence,data science,risk management,pq,oq
Responsible AI Advisor,Accenture,Not disclosed,Bengaluru,Project Role :Responsible AI AdvisorProject Role Description :Develop strategies to ens...,20 Days Ago,management consulting,business analytics,machine learning,artificial intelligence,data science,risk management,python,project management
Responsible AI Advisor,Accenture,Not disclosed,Bengaluru,Project Role :Responsible AI AdvisorProject Role Description :Develop strategies to ens...,20 Days Ago,management consulting,business analytics,machine learning,artificial intelligence,data science,risk management,python,project management
Responsible AI Advisor,Accenture,Not disclosed,Bengaluru,Project Role :Responsible AI AdvisorProject Role Description :Develop strategies to ens...,20 Days Ago,management consulting,business analytics,machine learning,artificial intelligence,data science,risk management,python,project management
Responsible AI Advisor,Accenture,Not disclosed,Bengaluru,Project Role :Responsible AI AdvisorProject Role Description :Develop strategies to ens...,20 Days Ago,risk management,python,data analysis,recruitment,sales,project management,employee engagement,natural language processing
Investment Compliance Rule Coding - Consultant 2,Deloitte,Not disclosed,"Chennai, Gurugram, Bengaluru",We apply our experience in ongoing business operations and corporate lifecycle events t...,20 Days Ago,Investment Compliance,office operations,User Acceptance Testing,Compliance Monitoring,investment management,capital market,investment operations,Consulting
Deputy Manager- US Strategy & Technology,Deloitte,Not disclosed,"Hyderabad, Bengaluru","Hence, our standard shift for this role is 11 a.m. 8 p.m. . Qualifications Required . M...",20 Days Ago,corporate strategy,R,US Strategy,business consulting,SPSS,data analysis SAS,Consulting,SAS
USI R&FA | EH |Model Risk Management- Pricing|ASA,Deloitte,Not disclosed,"Chennai, Gurugram, Bengaluru","The team is comprised of professionals with diverse backgrounds, including Masters in S...",20 Days Ago,Risk Management,R,Hull & White,SAS,Bloomberg,Black Scholes,SABR,Refinitiv
Investment Management / Capital Markets (Tech) - Sr. Consultant,Deloitte,Not disclosed,"Chennai, Gurugram, Bengaluru","Team helps clients manage strategic, financial, operational, technological, regulatory,...",21 Days Ago,Investment Management,Gen AI,SalesForce,ServiceNow,NLP,Image Processing,Predictive modelling,Pega
Engineer II-Data Engineering,Verizon,Not disclosed,"Hyderabad, Chennai, Bengaluru","Designing data ingestion for both real-time and batch processing, ensuring efficient an...",21 Days Ago,Data Engineering,Big Query,data analysis,design data solutions,Data Warehouse concepts,GCP,DBMS,ETL
Sales Operations Analyst 3,Juniper Networks,Not disclosed,Bengaluru,"At Juniper, we believe the network is the single greatest vehicle for knowledge, under...",20 Days Ago,Order management,SAP,Sales,Networking,Process planning,Project management,Subject Matter Expert,Principal
Product Manager (DevSecOps),Hexaware Technologies,Not disclosed,"Kolkata, Mumbai, New Delhi, Hyderabad, Pune, Chennai, Bengaluru",. o . Should be a thought leader and should have presented multiple papers in various c...,20 Days Ago,Automation,github,Due diligence,GCP,Analytical,devops,Consulting,RFP
Documentary Trade Analyst,Deutsche Bank,Not disclosed,Hybrid - Bengaluru,Flexible to work in late night shiftsYour skills and experience Good understanding of l...,20 Days Ago,Letter Of Credit,Document Checking,UCP,Bank Guarantee,Trade Finance,ISBP,Documents,Trade
Senior Consultant - Business Consulting,Infosys,Not disclosed,Bengaluru,MBA / CA from Tier 1 / Tier 2 Educational Requirements Bachelor of Engineering Preferre...,21 Days Ago,management consulting,project management,program management,business analysis,business consulting,business strategy,business development,business analytics
SAP SD/O2C/Logistics Solution Architect,Infosys,Not disclosed,Bengaluru,Experience as Solution Architect in the above programs. . Good Knowledge in integration...,21 Days Ago,intercompany transactions,configuring,team management,logistics,sales process,sap,software testing,gap analysis
